Employee_ID,Name,Age,Department,Designation,Salary,Experience_Years,City,Rating,Joining_Date
EMP_0001,Employee_1,50.0,Finance,Junior,566725.0,19.0,Bangalore,4.38,2012-07-01
EMP_0002,Employee_2,36.0,HR,Senior,701160.0,5.0,Kolkata,,2010-07-24
EMP_0003,Employee_3,29.0,Sales,Lead,680458.0,28.0,Bangalore,3.87,2016-03-03
EMP_0004,Employee_4,42.0,Sales,Mid,646040.0,14.0,Bangalore,2.13,2015-06-30
EMP_0005,Employee_5,40.0,Engineering,Mid,270058.0,25.0,Kolkata,2.31,2015-01-03
EMP_0006,Employee_6,44.0,Finance,Director,343134.0,25.0,Chennai,1.08,2013-02-17
EMP_0007,Employee_7,32.0,Engineering,Lead,827628.0,13.0,Hyderabad,4.04,2012-04-19
EMP_0008,Employee_8,32.0,Marketing,Manager,854299.0,19.0,Mumbai,1.17,2022-03-26
EMP_0009,Employee_9,45.0,Engineering,Lead,584002.0,14.0,Kolkata,4.46,2011-12-14
EMP_0010,Employee_10,45.0,Design,Junior,808564.0,13.0,Ahmedabad,1.47,2023-03-31
EMP_0011,Employee_11,24.0,Engineering,Junior,446515.0,24.0,Pune,1.69,2019-06-19
EMP_0012,Employee_12,43.0,Design,Mid,480836.0,20.0,Delhi,2.91,2010-09-18
EMP_0013,Employee_13,23.0,HR,Junior,434657.0,23.0,,3.95,2010-09-02
EMP_0014,Employee_14,45.0,Operations,Mid,472512.0,24.0,Kolkata,1.56,2012-02-07
EMP_0015,Employee_15,51.0,Product,Mid,708404.0,25.0,Mumbai,2.76,2014-11-27
EMP_0016,Employee_16,23.0,Product,Mid,470647.0,4.0,,2.93,2015-03-21
EMP_0017,Employee_17,42.0,Sales,Senior,935961.0,,Pune,1.85,2021-05-02
EMP_0018,Employee_18,,Product,Senior,669010.0,16.0,Pune,1.46,2023-07-03
EMP_0019,Employee_19,33.0,Design,Mid,762679.0,10.0,Pune,4.35,2010-08-06
EMP_0020,Employee_20,43.0,Finance,Lead,673491.0,15.0,Bangalore,3.01,2022-08-03
EMP_0021,Employee_21,46.0,Engineering,Mid,782140.0,11.0,,1.06,2014-06-17
EMP_0022,Employee_22,48.0,Design,Manager,469800.0,14.0,Chennai,4.21,2022-03-23
EMP_0023,Employee_23,49.0,Finance,Junior,817040.0,22.0,Chennai,4.92,2019-05-30
EMP_0024,Employee_24,37.0,Operations,Director,621140.0,3.0,Pune,3.42,2014-12-11
EMP_0025,Employee_25,36.0,Product,Senior,781389.0,26.0,Chennai,3.01,2020-01-28
EMP_0026,Employee_26,24.0,Operations,Mid,384065.0,17.0,Delhi,4.51,2023-03-21
EMP_0027,Employee_27,28.0,Product,Junior,627087.0,20.0,Delhi,4.81,2016-03-28
EMP_0028,Employee_28,42.0,Engineering,Mid,621785.0,27.0,Hyderabad,4.02,2010-02-23
EMP_0029,Employee_29,30.0,Marketing,Junior,507114.0,2.0,Kolkata,2.78,2013-07-31
EMP_0030,Employee_30,39.0,Engineering,Junior,646967.0,21.0,Kolkata,3.37,2019-06-25
EMP_0031,Employee_31,25.0,HR,Senior,830941.0,7.0,Hyderabad,3.8,2017-08-19
EMP_0032,Employee_32,46.0,Design,Mid,495577.0,22.0,Mumbai,1.78,2016-03-26
EMP_0033,Employee_33,35.0,Sales,Senior,744278.0,2.0,Kolkata,2.79,2013-06-27
EMP_0034,Employee_34,30.0,Marketing,Manager,430886.0,7.0,,4.32,2014-10-30
EMP_0035,Employee_35,,Engineering,Mid,916416.0,17.0,Delhi,3.62,2017-07-20
EMP_0036,Employee_36,23.0,Finance,Senior,717690.0,9.0,Kolkata,2.64,2012-04-17
EMP_0037,Employee_37,41.0,Marketing,Junior,,,Delhi,3.65,2012-01-30
EMP_0038,Employee_38,49.0,Design,Senior,700809.0,19.0,Hyderabad,1.47,2018-07-10
EMP_0039,Employee_39,28.0,Product,Mid,658591.0,16.0,Pune,2.61,2012-03-03
EMP_0040,Employee_40,29.0,Marketing,Director,718939.0,7.0,Pune,,2018-01-19
EMP_0041,Employee_41,35.0,Product,Lead,579532.0,22.0,Chennai,1.88,2017-09-18
EMP_0042,Employee_42,38.0,Design,Mid,357324.0,10.0,Ahmedabad,1.74,2023-07-17
EMP_0043,Employee_43,25.0,Engineering,Junior,667109.0,28.0,Ahmedabad,4.8,2015-12-07
EMP_0044,Employee_44,23.0,Design,Manager,486674.0,4.0,Pune,,2010-12-22
EMP_0045,Employee_45,27.0,Marketing,Lead,434750.0,25.0,Bangalore,2.04,2020-04-21
EMP_0046,Employee_46,25.0,Finance,Junior,695443.0,12.0,Hyderabad,4.88,2022-01-10
EMP_0047,Employee_47,,Operations,Mid,558133.0,,Delhi,3.94,2012-10-19
EMP_0048,Employee_48,39.0,Marketing,Lead,754155.0,22.0,Kolkata,3.8,2018-06-28
EMP_0049,Employee_49,47.0,Design,Junior,481658.0,4.0,Pune,4.41,2011-10-08
EMP_0050,Employee_50,31.0,Operations,Manager,529375.0,23.0,Hyderabad,1.46,2022-05-20
EMP_0051,Employee_51,35.0,Design,Mid,772544.0,26.0,Pune,3.82,2016-07-29
EMP_0052,Employee_52,52.0,Finance,Junior,,12.0,Mumbai,3.01,2018-02-10
EMP_0053,Employee_53,36.0,Design,Lead,378400.0,5.0,,4.32,2022-12-13
EMP_0054,Employee_54,29.0,Engineering,Mid,638664.0,28.0,,3.03,2014-04-25
EMP_0055,Employee_55,35.0,Sales,Mid,822185.0,4.0,Delhi,3.48,2011-07-24
EMP_0056,Employee_56,44.0,Product,Junior,528213.0,8.0,Hyderabad,2.91,2011-01-11
EMP_0057,Employee_57,42.0,Product,Junior,689708.0,26.0,Chennai,2.91,2015-02-10
EMP_0058,Employee_58,37.0,Marketing,Senior,472591.0,15.0,Pune,4.07,2016-06-28
EMP_0059,Employee_59,39.0,Sales,Mid,579482.0,1.0,Pune,3.51,2011-10-16
EMP_0060,Employee_60,,Design,Senior,763475.0,0.0,Bangalore,3.53,2015-03-23
EMP_0061,Employee_61,47.0,Finance,Lead,632884.0,7.0,Kolkata,2.8,2012-04-07
EMP_0062,Employee_62,46.0,Marketing,Senior,793390.0,27.0,Mumbai,3.12,2018-07-11
EMP_0063,Employee_63,50.0,Design,Junior,663795.0,18.0,Pune,3.98,2016-03-27
EMP_0064,Employee_64,36.0,Operations,Mid,932810.0,29.0,Hyderabad,4.3,2020-03-03
EMP_0065,Employee_65,22.0,HR,Manager,365262.0,10.0,Chennai,3.79,2018-03-08
EMP_0066,Employee_66,46.0,Design,Lead,,27.0,Kolkata,4.7,2013-08-25
EMP_0067,Employee_67,28.0,Sales,Senior,437319.0,11.0,Hyderabad,4.28,2018-04-21
EMP_0068,Employee_68,30.0,Marketing,Mid,447562.0,11.0,Mumbai,3.25,2017-12-20
EMP_0069,Employee_69,45.0,Sales,Mid,448922.0,6.0,Bangalore,3.69,2014-09-13
EMP_0070,Employee_70,22.0,Marketing,Senior,625158.0,25.0,Pune,4.71,2015-12-28
EMP_0071,Employee_71,29.0,Design,Manager,633945.0,12.0,Hyderabad,3.48,2011-08-08
EMP_0072,Employee_72,45.0,Engineering,Senior,664118.0,26.0,,4.3,2023-08-31
EMP_0073,Employee_73,32.0,Operations,Lead,431540.0,7.0,Delhi,3.76,2013-11-02
EMP_0074,Employee_74,38.0,Design,Lead,551366.0,28.0,Chennai,3.21,2021-12-24
EMP_0075,Employee_75,29.0,Product,Junior,455355.0,28.0,Kolkata,1.97,2015-06-29
EMP_0076,Employee_76,54.0,Sales,Mid,740382.0,21.0,Hyderabad,2.7,2013-08-31
EMP_0077,Employee_77,26.0,HR,Junior,469459.0,27.0,Chennai,4.87,2020-05-14
EMP_0078,Employee_78,49.0,HR,Junior,567943.0,25.0,Pune,3.63,2018-07-06
EMP_0079,Employee_79,28.0,Finance,Manager,684045.0,29.0,Delhi,3.26,2016-01-21
EMP_0080,Employee_80,30.0,Marketing,Mid,,8.0,Bangalore,4.73,2022-06-29
EMP_0081,Employee_81,,Sales,Mid,704081.0,6.0,Kolkata,3.35,2014-12-05
EMP_0082,Employee_82,33.0,Finance,Junior,839411.0,25.0,Bangalore,3.1,2017-04-10
EMP_0083,Employee_83,54.0,Sales,Mid,628456.0,20.0,Delhi,4.04,2011-04-04
EMP_0084,Employee_84,44.0,,Junior,735241.0,23.0,Chennai,3.85,2015-02-20
EMP_0085,Employee_85,45.0,,Junior,288986.0,14.0,Pune,1.77,2010-09-20
EMP_0086,Employee_86,43.0,Design,Senior,535642.0,1.0,Hyderabad,2.89,2017-01-28
EMP_0087,Employee_87,48.0,Design,Mid,627735.0,22.0,Delhi,2.89,2018-12-31
EMP_0088,Employee_88,22.0,HR,Senior,442055.0,19.0,Mumbai,2.51,2016-01-03
EMP_0089,Employee_89,35.0,,Junior,631147.0,24.0,Chennai,3.07,2011-06-27
EMP_0090,Employee_90,24.0,Design,Junior,758991.0,,Bangalore,2.65,2014-09-25
EMP_0091,Employee_91,22.0,Product,Mid,318065.0,0.0,Kolkata,1.8,2022-09-21
EMP_0092,Employee_92,26.0,Engineering,Senior,421639.0,22.0,Delhi,2.65,2017-01-21
EMP_0093,Employee_93,47.0,HR,Senior,627721.0,21.0,Bangalore,1.29,2014-10-08
EMP_0094,Employee_94,,Finance,Mid,669062.0,7.0,Chennai,3.3,2021-03-13
EMP_0095,Employee_95,48.0,Operations,Mid,710712.0,4.0,Bangalore,4.41,2018-11-16
EMP_0096,Employee_96,30.0,Engineering,Senior,616633.0,14.0,Delhi,3.9,2020-04-16
EMP_0097,Employee_97,36.0,Finance,Junior,669226.0,0.0,Chennai,2.44,2013-03-16
EMP_0098,Employee_98,36.0,Marketing,Mid,735522.0,0.0,Mumbai,1.35,2015-12-10
EMP_0099,Employee_99,47.0,Engineering,Lead,537831.0,24.0,Delhi,1.81,2013-02-17
EMP_0100,Employee_100,34.0,Product,Senior,508712.0,9.0,Hyderabad,3.18,2015-07-14
EMP_0101,Employee_101,53.0,Finance,Mid,574724.0,21.0,Ahmedabad,1.83,2022-08-04
EMP_0102,Employee_102,53.0,Marketing,Manager,629923.0,9.0,Pune,3.18,2022-02-02
EMP_0103,Employee_103,25.0,HR,Lead,501258.0,20.0,Delhi,1.93,2015-11-23
EMP_0104,Employee_104,51.0,Operations,Mid,540936.0,14.0,Chennai,4.4,2023-02-10
EMP_0105,Employee_105,44.0,Marketing,Senior,659655.0,16.0,Kolkata,2.59,2019-08-11
EMP_0106,Employee_106,36.0,Design,Senior,623662.0,21.0,Pune,1.98,2023-02-02
EMP_0107,Employee_107,50.0,Sales,Mid,572199.0,,Delhi,4.25,2018-12-16
EMP_0108,Employee_108,34.0,Marketing,Mid,338839.0,2.0,Mumbai,2.37,2018-02-13
EMP_0109,Employee_109,53.0,Marketing,Mid,,12.0,Kolkata,1.45,2014-12-02
EMP_0110,Employee_110,28.0,Operations,Senior,454499.0,15.0,Mumbai,3.28,2013-02-07
EMP_0111,Employee_111,43.0,Sales,Mid,747462.0,7.0,Hyderabad,3.33,2021-06-06
EMP_0112,Employee_112,49.0,Design,Lead,553691.0,29.0,Kolkata,3.86,2021-01-25
EMP_0113,Employee_113,23.0,Finance,Senior,450565.0,14.0,Bangalore,1.96,2012-01-15
EMP_0114,Employee_114,27.0,Finance,Junior,590768.0,16.0,Ahmedabad,2.78,2011-01-21
EMP_0115,Employee_115,49.0,Marketing,Senior,790604.0,16.0,,2.13,2012-06-17
EMP_0116,Employee_116,49.0,Product,Mid,694622.0,,Pune,1.32,2013-06-06
EMP_0117,Employee_117,41.0,Product,Senior,632987.0,25.0,Kolkata,4.51,2013-08-03
EMP_0118,Employee_118,51.0,Sales,Senior,401085.0,,Chennai,3.92,2019-06-21
EMP_0119,Employee_119,32.0,Sales,Junior,843240.0,16.0,Ahmedabad,2.21,2023-05-18
EMP_0120,Employee_120,,Design,Mid,506755.0,5.0,Chennai,3.4,2011-06-05
EMP_0121,Employee_121,46.0,Operations,Junior,740067.0,16.0,Bangalore,1.81,2018-08-19
EMP_0122,Employee_122,54.0,HR,Junior,551195.0,15.0,Kolkata,4.56,2018-07-24
EMP_0123,Employee_123,22.0,Finance,Mid,725626.0,13.0,Mumbai,1.46,2023-05-14
EMP_0124,Employee_124,48.0,Operations,Mid,796031.0,12.0,Mumbai,1.02,2020-07-01
EMP_0125,Employee_125,34.0,Engineering,Director,697220.0,5.0,Delhi,3.01,2021-11-13
EMP_0126,Employee_126,24.0,Finance,Mid,713378.0,2.0,,3.33,2015-08-22
EMP_0127,Employee_127,27.0,Operations,Mid,,13.0,Pune,,2022-05-30
EMP_0128,Employee_128,29.0,Finance,Senior,534905.0,13.0,Ahmedabad,1.22,2010-04-05
EMP_0129,Employee_129,48.0,HR,Junior,620744.0,14.0,Hyderabad,2.26,2012-07-27
EMP_0130,Employee_130,30.0,Engineering,Director,549012.0,,Kolkata,3.0,2022-01-16
EMP_0131,Employee_131,54.0,Product,Senior,970080.0,28.0,Hyderabad,1.87,2015-12-26
EMP_0132,Employee_132,,Product,Lead,451146.0,14.0,Delhi,4.49,2017-08-18
EMP_0133,Employee_133,36.0,HR,Junior,750312.0,21.0,Hyderabad,1.35,2012-07-02
EMP_0134,Employee_134,53.0,Design,Mid,677579.0,28.0,Ahmedabad,2.95,2016-08-01
EMP_0135,Employee_135,53.0,Engineering,Mid,634480.0,26.0,Bangalore,,2019-10-02
EMP_0136,Employee_136,,Marketing,Lead,821982.0,12.0,Delhi,2.05,2013-07-19
EMP_0137,Employee_137,33.0,Operations,Junior,644756.0,16.0,Bangalore,3.5,2020-03-05
EMP_0138,Employee_138,23.0,Engineering,Mid,,20.0,Kolkata,4.32,2010-01-27
EMP_0139,Employee_139,24.0,Design,Director,643759.0,23.0,Delhi,1.76,2015-11-28
EMP_0140,Employee_140,38.0,,Mid,572523.0,2.0,Kolkata,4.67,2021-03-24
EMP_0141,Employee_141,23.0,HR,Mid,675492.0,27.0,Kolkata,3.21,2014-01-03
EMP_0142,Employee_142,23.0,Finance,Junior,721961.0,5.0,Hyderabad,2.2,2021-05-21
EMP_0143,Employee_143,49.0,Engineering,Director,471136.0,4.0,Bangalore,2.72,2012-05-21
EMP_0144,Employee_144,,Operations,Junior,,21.0,Kolkata,,2016-09-10
EMP_0145,Employee_145,53.0,Engineering,Senior,561765.0,25.0,Bangalore,3.9,2021-05-21
EMP_0146,Employee_146,54.0,Sales,Lead,666542.0,16.0,Bangalore,4.19,2023-08-29
EMP_0147,Employee_147,22.0,,Junior,692554.0,22.0,Delhi,4.33,2014-06-18
EMP_0148,Employee_148,40.0,Operations,Senior,655108.0,24.0,Chennai,4.94,2013-06-06
EMP_0149,Employee_149,23.0,Product,Junior,583633.0,1.0,Hyderabad,4.17,2018-05-22
EMP_0150,Employee_150,47.0,Operations,Mid,526710.0,25.0,Kolkata,3.41,2013-08-16
EMP_0151,Employee_151,53.0,Marketing,Lead,559650.0,14.0,Bangalore,2.36,2022-02-05
EMP_0152,Employee_152,27.0,HR,Manager,834775.0,4.0,Pune,3.18,2021-11-23
EMP_0153,Employee_153,53.0,Marketing,Senior,470120.0,25.0,Chennai,1.16,2010-01-05
EMP_0154,Employee_154,25.0,Operations,Mid,492113.0,19.0,Kolkata,3.98,2023-06-08
EMP_0155,Employee_155,32.0,Finance,Junior,485527.0,5.0,Pune,2.78,2017-04-09
EMP_0156,Employee_156,38.0,Engineering,Junior,620363.0,5.0,Hyderabad,1.08,2020-12-16
EMP_0157,Employee_157,45.0,Product,Junior,371294.0,26.0,Hyderabad,1.25,2010-06-09
EMP_0158,Employee_158,,Engineering,Junior,396966.0,17.0,Bangalore,,2012-07-05
EMP_0159,Employee_159,27.0,Finance,Mid,560856.0,17.0,Bangalore,3.33,2018-02-21
EMP_0160,Employee_160,43.0,Operations,Mid,406833.0,,Ahmedabad,2.86,2016-11-24
EMP_0161,Employee_161,32.0,Design,Mid,419059.0,16.0,Ahmedabad,3.48,2015-05-16
EMP_0162,Employee_162,37.0,Engineering,Junior,407959.0,24.0,Kolkata,2.92,2011-04-20
EMP_0163,Employee_163,54.0,Design,Mid,473008.0,13.0,Delhi,3.65,2015-05-28
EMP_0164,Employee_164,30.0,Engineering,Lead,709686.0,13.0,Chennai,1.88,2022-09-22
EMP_0165,Employee_165,27.0,Engineering,Mid,743356.0,12.0,Kolkata,1.45,2011-10-08
EMP_0166,Employee_166,37.0,Product,Manager,887850.0,6.0,Chennai,3.39,2011-12-03
EMP_0167,Employee_167,50.0,HR,Manager,882354.0,11.0,Bangalore,2.94,2020-11-25
EMP_0168,Employee_168,,HR,Junior,717946.0,22.0,,1.11,2011-07-21
EMP_0169,Employee_169,41.0,Sales,Lead,754151.0,14.0,Bangalore,2.52,2021-12-12
EMP_0170,Employee_170,40.0,Marketing,Senior,,18.0,Hyderabad,1.42,2012-10-27
EMP_0171,Employee_171,47.0,Finance,Senior,677979.0,10.0,Ahmedabad,3.13,2012-11-17
EMP_0172,Employee_172,24.0,Finance,Mid,891540.0,14.0,Kolkata,2.58,2020-08-29
EMP_0173,Employee_173,40.0,Finance,Mid,655681.0,11.0,Ahmedabad,3.45,2022-05-01
EMP_0174,Employee_174,41.0,Sales,Mid,772985.0,2.0,Hyderabad,4.22,2013-09-14
EMP_0175,Employee_175,53.0,HR,Mid,459847.0,16.0,Bangalore,2.2,2015-12-12
EMP_0176,Employee_176,28.0,Operations,Senior,500064.0,2.0,Ahmedabad,4.85,2021-11-01
EMP_0177,Employee_177,54.0,Design,Senior,,18.0,Mumbai,3.14,2023-08-10
EMP_0178,Employee_178,39.0,Product,Mid,,19.0,Chennai,3.47,2019-06-29
EMP_0179,Employee_179,22.0,Design,Senior,507009.0,3.0,Pune,,2014-10-02
EMP_0180,Employee_180,32.0,Operations,Junior,961106.0,2.0,Hyderabad,3.67,2022-02-04
EMP_0181,Employee_181,49.0,Product,Junior,625889.0,25.0,Hyderabad,3.04,2014-07-06
EMP_0182,Employee_182,46.0,Sales,Lead,,15.0,Mumbai,2.72,2016-12-28
EMP_0183,Employee_183,44.0,Operations,Mid,622742.0,11.0,Kolkata,1.22,2018-12-13
EMP_0184,Employee_184,52.0,Finance,Junior,603814.0,7.0,Kolkata,1.09,2018-05-18
EMP_0185,Employee_185,51.0,Marketing,Junior,628170.0,23.0,Kolkata,2.43,2019-10-29
EMP_0186,Employee_186,28.0,Engineering,Junior,360942.0,28.0,Pune,2.33,2021-08-10
EMP_0187,Employee_187,37.0,Design,Director,793792.0,28.0,Delhi,2.55,2020-02-16
EMP_0188,Employee_188,47.0,HR,Senior,802324.0,16.0,Mumbai,1.55,2012-09-18
EMP_0189,Employee_189,23.0,HR,Manager,820548.0,6.0,Pune,3.95,2015-07-24
EMP_0190,Employee_190,22.0,Sales,Senior,648814.0,10.0,Ahmedabad,4.43,2015-01-15
EMP_0191,Employee_191,,,Mid,699372.0,17.0,Mumbai,4.75,2011-06-09
EMP_0192,Employee_192,,HR,Mid,470065.0,0.0,Hyderabad,2.97,2017-08-01
EMP_0193,Employee_193,53.0,Finance,Senior,724934.0,2.0,Chennai,3.8,2010-06-22
EMP_0194,Employee_194,30.0,Design,Junior,637768.0,3.0,Mumbai,4.42,2023-03-13
EMP_0195,Employee_195,40.0,Operations,Manager,530939.0,12.0,Delhi,2.67,2022-06-04
EMP_0196,Employee_196,37.0,Finance,Lead,729711.0,5.0,Bangalore,2.24,2015-03-01
EMP_0197,Employee_197,24.0,Sales,Mid,735517.0,25.0,Ahmedabad,4.75,2023-03-14
EMP_0198,Employee_198,41.0,Finance,Director,609091.0,13.0,Pune,3.06,2014-12-10
EMP_0199,Employee_199,45.0,Operations,Lead,665757.0,4.0,Ahmedabad,2.99,2010-02-28
EMP_0200,Employee_200,54.0,Marketing,Senior,445242.0,15.0,Ahmedabad,1.71,2011-08-05
EMP_0201,Employee_201,45.0,Sales,Junior,786477.0,14.0,Mumbai,1.43,2011-04-28
EMP_0202,Employee_202,32.0,Marketing,Mid,465178.0,14.0,Mumbai,4.37,2015-02-19
EMP_0203,Employee_203,29.0,Engineering,Mid,494186.0,29.0,Delhi,3.46,2011-07-07
EMP_0204,Employee_204,41.0,Marketing,Junior,609347.0,,Chennai,2.3,2010-09-15
EMP_0205,Employee_205,46.0,Engineering,Junior,767177.0,,Mumbai,1.77,2017-05-30
EMP_0206,Employee_206,46.0,Engineering,Lead,767092.0,26.0,Mumbai,3.22,2011-08-04
EMP_0207,Employee_207,50.0,Marketing,Junior,599276.0,15.0,Chennai,3.34,2021-07-13
EMP_0208,Employee_208,39.0,Sales,Senior,715952.0,27.0,Delhi,1.83,2015-05-04
EMP_0209,Employee_209,39.0,Product,Manager,346641.0,15.0,Pune,4.41,2016-03-31
EMP_0210,Employee_210,23.0,Operations,Manager,492102.0,29.0,Ahmedabad,1.34,2020-11-20
EMP_0211,Employee_211,37.0,Finance,Mid,495157.0,3.0,Pune,2.42,2014-10-22
EMP_0212,Employee_212,54.0,Finance,Manager,787831.0,12.0,Mumbai,3.72,2022-02-04
EMP_0213,Employee_213,25.0,Operations,Junior,698198.0,25.0,Chennai,2.1,2012-12-19
EMP_0214,Employee_214,,Design,Junior,627697.0,27.0,Mumbai,4.31,2022-10-22
EMP_0215,Employee_215,35.0,,Senior,642260.0,12.0,Kolkata,3.96,2022-12-04
EMP_0216,Employee_216,42.0,Engineering,Mid,835250.0,1.0,Bangalore,4.16,2020-08-08
EMP_0217,Employee_217,41.0,Engineering,Mid,574473.0,2.0,Pune,1.48,2015-06-14
EMP_0218,Employee_218,29.0,Sales,Senior,402889.0,21.0,,1.56,2020-08-10
EMP_0219,Employee_219,28.0,,Junior,763079.0,7.0,Hyderabad,2.15,2019-02-17
EMP_0220,Employee_220,24.0,,Junior,627275.0,23.0,Bangalore,3.07,2014-04-09
EMP_0221,Employee_221,38.0,Engineering,Mid,743050.0,14.0,Mumbai,3.99,2012-02-12
EMP_0222,Employee_222,54.0,Finance,Lead,593285.0,10.0,Delhi,4.35,2012-03-05
EMP_0223,Employee_223,33.0,Sales,Senior,474196.0,8.0,Pune,,2019-09-02
EMP_0224,Employee_224,43.0,Marketing,Mid,660423.0,6.0,Hyderabad,4.71,2017-12-12
EMP_0225,Employee_225,43.0,Sales,Mid,601526.0,12.0,Bangalore,3.95,2019-07-02
EMP_0226,Employee_226,,Marketing,Junior,627741.0,1.0,Pune,2.23,2019-03-22
EMP_0227,Employee_227,29.0,Marketing,Junior,842485.0,7.0,Chennai,2.06,2020-06-22
EMP_0228,Employee_228,48.0,Operations,Lead,435194.0,6.0,,3.78,2011-03-20
EMP_0229,Employee_229,48.0,Engineering,Mid,642887.0,23.0,,,2012-03-17
EMP_0230,Employee_230,42.0,Product,Junior,477150.0,11.0,Chennai,1.37,2011-05-12
EMP_0231,Employee_231,51.0,Sales,Senior,,18.0,Kolkata,3.13,2019-01-12
EMP_0232,Employee_232,54.0,Product,Senior,592655.0,6.0,Mumbai,4.29,2017-08-11
EMP_0233,Employee_233,,,Senior,604653.0,9.0,Chennai,1.41,2012-06-14
EMP_0234,Employee_234,54.0,,Junior,693528.0,,Bangalore,4.17,2015-07-30
EMP_0235,Employee_235,26.0,Finance,Junior,567368.0,24.0,Ahmedabad,4.25,2014-04-19
EMP_0236,Employee_236,40.0,Product,Junior,376649.0,15.0,Bangalore,,2014-04-08
EMP_0237,Employee_237,25.0,Finance,Junior,476635.0,2.0,Ahmedabad,1.23,2022-01-11
EMP_0238,Employee_238,38.0,Design,Senior,797543.0,,Kolkata,1.7,2020-01-24
EMP_0239,Employee_239,49.0,Engineering,Lead,474505.0,9.0,Mumbai,3.83,2013-02-22
EMP_0240,Employee_240,51.0,Engineering,Senior,837483.0,5.0,Ahmedabad,3.85,2019-06-19
EMP_0241,Employee_241,50.0,HR,Lead,757497.0,17.0,Ahmedabad,4.59,2014-02-12
EMP_0242,Employee_242,27.0,Operations,Mid,552332.0,17.0,Chennai,3.33,2016-03-31
EMP_0243,Employee_243,45.0,Finance,Senior,490638.0,4.0,Chennai,1.5,2020-05-17
EMP_0244,Employee_244,50.0,Marketing,Mid,757186.0,20.0,Mumbai,1.49,2015-08-09
EMP_0245,Employee_245,,Sales,Mid,563863.0,28.0,Chennai,3.88,2011-09-10
EMP_0246,Employee_246,54.0,Engineering,Mid,368152.0,6.0,,1.74,2019-12-10
EMP_0247,Employee_247,42.0,,Junior,684347.0,27.0,Mumbai,2.31,2022-05-06
EMP_0248,Employee_248,53.0,Sales,Mid,662589.0,1.0,Delhi,2.95,2012-03-13
EMP_0249,Employee_249,44.0,Sales,Director,770655.0,10.0,Ahmedabad,1.1,2011-02-19
EMP_0250,Employee_250,54.0,HR,Junior,652439.0,29.0,Bangalore,2.0,2022-02-15
EMP_0251,Employee_251,24.0,Finance,Junior,517627.0,12.0,Delhi,2.63,2010-05-01
EMP_0252,Employee_252,39.0,Engineering,Mid,790451.0,22.0,,2.12,2012-02-04
EMP_0253,Employee_253,46.0,Sales,Lead,805048.0,4.0,Pune,1.55,2015-04-21
EMP_0254,Employee_254,52.0,Engineering,Senior,634980.0,29.0,Ahmedabad,3.91,2013-09-24
EMP_0255,Employee_255,24.0,Marketing,Senior,609048.0,5.0,Ahmedabad,4.25,2019-02-12
EMP_0256,Employee_256,45.0,HR,Junior,401509.0,23.0,Ahmedabad,2.03,2020-11-22
EMP_0257,Employee_257,53.0,Marketing,Senior,508871.0,25.0,Kolkata,4.1,2020-10-18
EMP_0258,Employee_258,43.0,Engineering,Mid,714115.0,28.0,Pune,2.54,2014-10-18
EMP_0259,Employee_259,44.0,Design,Lead,516407.0,13.0,Hyderabad,3.03,2018-12-30
EMP_0260,Employee_260,23.0,Product,Senior,381474.0,11.0,Hyderabad,4.42,2011-04-26
EMP_0261,Employee_261,48.0,Engineering,Junior,1124381.0,3.0,Hyderabad,4.0,2013-09-10
EMP_0262,Employee_262,23.0,Finance,Junior,380489.0,28.0,Mumbai,4.22,2018-07-02
EMP_0263,Employee_263,47.0,Sales,Junior,938512.0,22.0,Chennai,1.55,2010-01-18
EMP_0264,Employee_264,38.0,Sales,Mid,553886.0,5.0,Pune,1.28,2018-10-04
EMP_0265,Employee_265,54.0,,Mid,587315.0,9.0,Delhi,4.57,2015-12-13
EMP_0266,Employee_266,30.0,Product,Senior,499158.0,17.0,Kolkata,2.55,2020-03-16
EMP_0267,Employee_267,50.0,HR,Mid,717425.0,14.0,Delhi,2.15,2016-05-25
EMP_0268,Employee_268,47.0,Design,Mid,384033.0,7.0,Delhi,,2019-06-28
EMP_0269,Employee_269,46.0,Operations,Junior,323950.0,25.0,Delhi,4.35,2022-06-19
EMP_0270,Employee_270,45.0,Product,Junior,,8.0,Kolkata,4.45,2020-11-30
EMP_0271,Employee_271,34.0,Sales,Manager,479404.0,4.0,Hyderabad,2.26,2013-06-22
EMP_0272,Employee_272,28.0,Finance,Junior,711913.0,9.0,Delhi,4.41,2014-04-05
EMP_0273,Employee_273,41.0,Product,Senior,437181.0,19.0,Kolkata,1.16,2016-08-27
EMP_0274,Employee_274,22.0,Marketing,Lead,706263.0,5.0,Kolkata,1.2,2014-11-19
EMP_0275,Employee_275,29.0,,Senior,852531.0,15.0,Chennai,3.49,2011-04-25
EMP_0276,Employee_276,37.0,,Manager,520931.0,23.0,Kolkata,1.25,2022-12-28
EMP_0277,Employee_277,35.0,Finance,Mid,309983.0,26.0,Hyderabad,2.3,2022-02-28
EMP_0278,Employee_278,33.0,HR,Director,853319.0,2.0,Delhi,3.69,2011-05-15
EMP_0279,Employee_279,44.0,Product,Junior,738936.0,9.0,Kolkata,2.35,2017-01-13
EMP_0280,Employee_280,36.0,Finance,Junior,528964.0,10.0,Mumbai,,2011-04-14
EMP_0281,Employee_281,49.0,HR,Senior,567307.0,10.0,Kolkata,2.13,2011-02-15
EMP_0282,Employee_282,23.0,Finance,Manager,433402.0,,Bangalore,2.83,2023-02-07
EMP_0283,Employee_283,53.0,Finance,Lead,813038.0,3.0,Bangalore,2.9,2020-09-10
EMP_0284,Employee_284,44.0,,Junior,519792.0,3.0,Bangalore,4.13,2021-04-12
EMP_0285,Employee_285,43.0,Marketing,Mid,387193.0,16.0,,4.0,2021-11-29
EMP_0286,Employee_286,46.0,Product,Manager,632046.0,8.0,Hyderabad,2.83,2013-07-13
EMP_0287,Employee_287,43.0,Finance,Mid,470997.0,18.0,Delhi,4.38,2011-04-11
EMP_0288,Employee_288,43.0,Product,Lead,445497.0,4.0,Pune,1.46,2021-05-23
EMP_0289,Employee_289,27.0,,Lead,535485.0,21.0,Pune,2.02,2011-10-19
EMP_0290,Employee_290,36.0,Finance,Mid,612953.0,23.0,,4.31,2014-03-03
EMP_0291,Employee_291,54.0,Sales,Mid,392833.0,5.0,Hyderabad,2.51,2011-07-16
EMP_0292,Employee_292,29.0,Marketing,Mid,807772.0,2.0,Chennai,4.92,2023-05-07
EMP_0293,Employee_293,26.0,,Junior,701573.0,,Ahmedabad,2.87,2011-07-11
EMP_0294,Employee_294,25.0,Product,Manager,545195.0,0.0,Mumbai,4.17,2015-04-11
EMP_0295,Employee_295,27.0,Product,Mid,464498.0,,Mumbai,2.61,2019-01-21
EMP_0296,Employee_296,53.0,Marketing,Manager,586616.0,21.0,Bangalore,2.7,2012-09-09
EMP_0297,Employee_297,51.0,Product,Junior,734915.0,15.0,Bangalore,2.53,2022-10-11
EMP_0298,Employee_298,37.0,,Director,711687.0,22.0,Kolkata,3.88,2015-07-10
EMP_0299,Employee_299,34.0,Finance,Mid,758775.0,10.0,Pune,3.19,2022-12-26
EMP_0300,Employee_300,51.0,Finance,Junior,527943.0,12.0,Kolkata,4.78,2023-05-03
EMP_0301,Employee_301,40.0,Engineering,Junior,200000.0,26.0,Ahmedabad,2.0,2010-11-22
EMP_0302,Employee_302,38.0,Operations,Senior,787171.0,9.0,Pune,,2011-11-03
EMP_0303,Employee_303,40.0,Product,Senior,574920.0,2.0,Bangalore,2.57,2019-05-28
EMP_0304,Employee_304,49.0,Sales,Lead,699924.0,8.0,Delhi,3.47,2023-02-03
EMP_0305,Employee_305,47.0,Product,Junior,850384.0,27.0,Chennai,4.44,2022-09-05
EMP_0306,Employee_306,47.0,Product,Junior,965161.0,11.0,Kolkata,,2021-09-22
EMP_0307,Employee_307,44.0,HR,Mid,502526.0,22.0,Chennai,3.62,2017-02-04
EMP_0308,Employee_308,30.0,Engineering,Mid,620093.0,13.0,Chennai,2.4,2015-11-07
EMP_0309,Employee_309,33.0,Sales,Mid,805025.0,0.0,Chennai,3.47,2014-08-01
EMP_0310,Employee_310,22.0,Sales,Director,473358.0,17.0,Bangalore,4.54,2017-01-17
EMP_0311,Employee_311,22.0,Product,Director,512683.0,16.0,Mumbai,1.93,2015-05-10
EMP_0312,Employee_312,53.0,Engineering,Manager,511794.0,26.0,Bangalore,,2015-12-16
EMP_0313,Employee_313,46.0,Finance,Lead,595786.0,8.0,Chennai,4.97,2018-11-17
EMP_0314,Employee_314,22.0,Sales,Mid,566981.0,8.0,Bangalore,4.47,2012-12-08
EMP_0315,Employee_315,37.0,Finance,Mid,510930.0,22.0,Chennai,3.26,2016-09-23
EMP_0316,Employee_316,26.0,Engineering,Mid,455136.0,9.0,Hyderabad,3.07,2020-04-03
EMP_0317,Employee_317,,Finance,Lead,,18.0,,2.14,2017-02-03
EMP_0318,Employee_318,50.0,Marketing,Junior,800674.0,,Mumbai,3.07,2011-08-18
EMP_0319,Employee_319,24.0,HR,Mid,822407.0,14.0,Hyderabad,4.39,2010-03-18
EMP_0320,Employee_320,33.0,Design,Junior,527838.0,4.0,Delhi,3.74,2020-04-12
EMP_0321,Employee_321,47.0,Sales,Mid,728058.0,14.0,Bangalore,2.16,2022-08-18
EMP_0322,Employee_322,,,Manager,635448.0,19.0,Delhi,1.81,2012-03-30
EMP_0323,Employee_323,43.0,HR,Lead,514399.0,22.0,Kolkata,2.06,2011-08-24
EMP_0324,Employee_324,50.0,Design,Junior,710132.0,29.0,,1.68,2022-01-22
EMP_0325,Employee_325,35.0,Finance,Director,507509.0,24.0,Ahmedabad,1.38,2014-10-13
EMP_0326,Employee_326,49.0,Sales,Senior,543573.0,27.0,Ahmedabad,2.68,2021-05-07
EMP_0327,Employee_327,26.0,Finance,Junior,393490.0,1.0,Pune,1.45,2015-12-13
EMP_0328,Employee_328,51.0,Marketing,Mid,,12.0,,,2012-12-21
EMP_0329,Employee_329,26.0,Engineering,Mid,638079.0,23.0,Pune,3.19,2017-10-30
EMP_0330,Employee_330,33.0,Sales,Junior,835340.0,15.0,Kolkata,1.66,2011-07-18
EMP_0331,Employee_331,37.0,Design,Director,546975.0,14.0,Chennai,1.26,2015-06-25
EMP_0332,Employee_332,47.0,Design,Mid,444274.0,24.0,,2.27,2018-04-16
EMP_0333,Employee_333,47.0,Marketing,Manager,,9.0,Pune,1.88,2016-05-23
EMP_0334,Employee_334,42.0,Marketing,Mid,524317.0,13.0,Ahmedabad,3.06,2013-07-16
EMP_0335,Employee_335,54.0,Product,Junior,337742.0,9.0,Chennai,1.41,2019-10-30
EMP_0336,Employee_336,51.0,Sales,Mid,619964.0,24.0,Ahmedabad,4.01,2022-03-09
EMP_0337,Employee_337,44.0,Finance,Junior,551283.0,13.0,Bangalore,4.62,2016-10-14
EMP_0338,Employee_338,31.0,Operations,Mid,945059.0,25.0,Chennai,3.97,2021-11-12
EMP_0339,Employee_339,26.0,,Manager,671304.0,29.0,Hyderabad,3.13,2010-03-06
EMP_0340,Employee_340,52.0,Design,Mid,578048.0,22.0,Pune,4.44,2022-06-10
EMP_0341,Employee_341,31.0,Marketing,Senior,461325.0,8.0,Ahmedabad,3.78,2016-09-18
EMP_0342,Employee_342,40.0,HR,Junior,649525.0,24.0,Chennai,1.04,2012-04-28
EMP_0343,Employee_343,53.0,Marketing,Junior,818506.0,13.0,Kolkata,2.58,2013-01-05
EMP_0344,Employee_344,22.0,Operations,Junior,646772.0,2.0,Kolkata,4.4,2015-12-07
EMP_0345,Employee_345,26.0,Finance,Senior,472885.0,19.0,Pune,2.38,2012-08-03
EMP_0346,Employee_346,25.0,Finance,Junior,680820.0,15.0,Hyderabad,1.14,2012-05-26
EMP_0347,Employee_347,37.0,HR,Mid,,,Delhi,3.98,2022-05-30
EMP_0348,Employee_348,45.0,,Senior,667291.0,9.0,Ahmedabad,4.21,2013-06-27
EMP_0349,Employee_349,37.0,Marketing,Mid,546778.0,2.0,Hyderabad,1.64,2016-02-10
EMP_0350,Employee_350,23.0,Product,Junior,543255.0,10.0,Mumbai,3.15,2016-04-27
EMP_0351,Employee_351,,Finance,Mid,537333.0,10.0,Mumbai,1.77,2023-07-26
EMP_0352,Employee_352,53.0,Operations,Manager,741335.0,20.0,Mumbai,,2014-09-22
EMP_0353,Employee_353,48.0,Sales,Senior,544766.0,20.0,Pune,2.09,2017-09-09
EMP_0354,Employee_354,41.0,Engineering,Mid,531040.0,21.0,Kolkata,2.26,2014-07-26
EMP_0355,Employee_355,45.0,Engineering,Junior,458690.0,12.0,Bangalore,4.38,2015-12-03
EMP_0356,Employee_356,33.0,Engineering,Director,668102.0,6.0,Ahmedabad,2.91,2021-05-03
EMP_0357,Employee_357,54.0,Product,Senior,646755.0,22.0,Kolkata,3.68,2020-12-16
EMP_0358,Employee_358,54.0,Design,Mid,532684.0,16.0,Bangalore,2.61,2015-08-20
EMP_0359,Employee_359,33.0,Marketing,Manager,493593.0,29.0,Bangalore,2.19,2011-02-21
EMP_0360,Employee_360,24.0,HR,Mid,881426.0,1.0,Kolkata,3.5,2012-01-27
EMP_0361,Employee_361,22.0,Product,Mid,317933.0,11.0,Ahmedabad,1.62,2019-07-02
EMP_0362,Employee_362,54.0,Product,Senior,673975.0,24.0,Pune,,2016-03-16
EMP_0363,Employee_363,31.0,Finance,Junior,793710.0,9.0,Hyderabad,1.84,2010-12-28
EMP_0364,Employee_364,50.0,Sales,Director,200000.0,17.0,Bangalore,3.78,2010-01-30
EMP_0365,Employee_365,34.0,Product,Senior,719121.0,21.0,Delhi,4.78,2017-06-25
EMP_0366,Employee_366,,Operations,Senior,566961.0,26.0,Kolkata,4.98,2012-12-07
EMP_0367,Employee_367,52.0,Sales,Junior,638408.0,10.0,Kolkata,,2015-11-16
EMP_0368,Employee_368,23.0,Operations,Junior,551514.0,15.0,Mumbai,2.01,2013-08-16
EMP_0369,Employee_369,44.0,Design,Mid,761309.0,16.0,,2.77,2019-11-29
EMP_0370,Employee_370,38.0,Marketing,Lead,,18.0,Mumbai,4.39,2022-05-17
EMP_0371,Employee_371,47.0,Engineering,Mid,619757.0,17.0,Kolkata,1.82,2019-08-05
EMP_0372,Employee_372,29.0,Product,Mid,465170.0,2.0,Kolkata,4.81,2022-07-31
EMP_0373,Employee_373,50.0,Marketing,Senior,882343.0,20.0,Bangalore,2.37,2010-03-21
EMP_0374,Employee_374,47.0,Design,Junior,601489.0,26.0,Hyderabad,4.94,2012-07-05
EMP_0375,Employee_375,31.0,HR,Senior,943470.0,25.0,,4.35,2011-09-09
EMP_0376,Employee_376,47.0,HR,Junior,889135.0,,Delhi,4.23,2013-05-06
EMP_0377,Employee_377,28.0,Design,Director,333247.0,5.0,Ahmedabad,2.27,2022-03-28
EMP_0378,Employee_378,25.0,Operations,Mid,501758.0,24.0,Bangalore,1.04,2010-10-23
EMP_0379,Employee_379,32.0,Finance,Junior,444457.0,11.0,Kolkata,2.53,2018-04-13
EMP_0380,Employee_380,,Finance,Mid,592769.0,10.0,Ahmedabad,2.21,2023-01-24
EMP_0381,Employee_381,46.0,Operations,Mid,628074.0,14.0,Bangalore,1.15,2022-05-24
EMP_0382,Employee_382,42.0,HR,Lead,634488.0,14.0,Delhi,3.02,2013-04-28
EMP_0383,Employee_383,31.0,HR,Senior,758119.0,,Kolkata,2.61,2019-08-22
EMP_0384,Employee_384,30.0,Product,Senior,824037.0,,Delhi,3.54,2012-11-10
EMP_0385,Employee_385,45.0,HR,Junior,745123.0,11.0,Ahmedabad,3.48,2010-12-09
EMP_0386,Employee_386,39.0,Marketing,Junior,,27.0,Chennai,1.48,2016-11-30
EMP_0387,Employee_387,53.0,HR,Junior,482696.0,12.0,Bangalore,4.91,2018-03-07
EMP_0388,Employee_388,45.0,Sales,Senior,600414.0,3.0,Pune,1.75,2010-11-23
EMP_0389,Employee_389,44.0,Product,Manager,663917.0,6.0,Bangalore,2.78,2018-01-10
EMP_0390,Employee_390,,Engineering,Mid,572521.0,21.0,Mumbai,2.95,2014-09-17
EMP_0391,Employee_391,33.0,HR,Junior,398177.0,1.0,Hyderabad,4.25,2015-08-07
EMP_0392,Employee_392,34.0,Operations,Senior,702308.0,25.0,,1.4,2012-04-22
EMP_0393,Employee_393,44.0,Engineering,Lead,541152.0,26.0,Mumbai,2.71,2017-12-07
EMP_0394,Employee_394,46.0,Marketing,Senior,,26.0,Kolkata,3.51,2022-07-23
EMP_0395,Employee_395,51.0,Operations,Manager,591808.0,26.0,,1.86,2019-02-12
EMP_0396,Employee_396,38.0,Engineering,Mid,564015.0,14.0,Delhi,3.51,2013-06-20
EMP_0397,Employee_397,41.0,Operations,Junior,545024.0,7.0,Ahmedabad,4.69,2015-04-24
EMP_0398,Employee_398,,Marketing,Manager,407981.0,6.0,Ahmedabad,4.99,2013-08-24
EMP_0399,Employee_399,43.0,Product,Senior,583162.0,14.0,Hyderabad,1.13,2013-12-21
EMP_0400,Employee_400,34.0,Sales,Mid,705443.0,22.0,Hyderabad,1.94,2019-04-01
EMP_0401,Employee_401,40.0,Marketing,Senior,639696.0,13.0,Mumbai,2.24,2010-07-23
EMP_0402,Employee_402,33.0,Marketing,Lead,742218.0,7.0,Kolkata,2.6,2014-01-09
EMP_0403,Employee_403,40.0,Operations,Senior,490718.0,27.0,Chennai,1.97,2017-06-14
EMP_0404,Employee_404,33.0,Product,Senior,408291.0,11.0,Hyderabad,1.81,2019-03-27
EMP_0405,Employee_405,,Design,Mid,,12.0,Pune,4.82,2015-07-26
EMP_0406,Employee_406,28.0,Finance,Mid,507864.0,29.0,Hyderabad,4.67,2015-12-26
EMP_0407,Employee_407,49.0,HR,Mid,523449.0,10.0,Chennai,1.19,2013-07-28
EMP_0408,Employee_408,35.0,HR,Lead,631762.0,16.0,Mumbai,2.36,2012-06-04
EMP_0409,Employee_409,52.0,Sales,Lead,524537.0,28.0,Chennai,,2018-07-31
EMP_0410,Employee_410,40.0,Sales,Lead,412489.0,16.0,Mumbai,1.96,2010-11-14
EMP_0411,Employee_411,37.0,HR,Junior,516150.0,23.0,Delhi,3.52,2020-07-22
EMP_0412,Employee_412,26.0,Finance,Senior,651008.0,3.0,Mumbai,3.56,2014-12-28
EMP_0413,Employee_413,33.0,HR,Lead,700722.0,20.0,Delhi,4.4,2014-06-23
EMP_0414,Employee_414,46.0,Design,Senior,699213.0,7.0,Delhi,3.96,2020-04-28
EMP_0415,Employee_415,42.0,Finance,Lead,663670.0,4.0,Mumbai,3.17,2017-11-04
EMP_0416,Employee_416,44.0,Sales,Lead,574785.0,25.0,Pune,,2016-11-05
EMP_0417,Employee_417,37.0,Engineering,Mid,660737.0,,Bangalore,2.1,2015-02-08
EMP_0418,Employee_418,35.0,Operations,Mid,593649.0,3.0,Mumbai,3.37,2015-01-01
EMP_0419,Employee_419,52.0,Design,Junior,616964.0,27.0,Hyderabad,2.96,2010-07-13
EMP_0420,Employee_420,26.0,Design,Mid,459100.0,21.0,Pune,1.53,2014-05-02
EMP_0421,Employee_421,44.0,Product,Senior,606581.0,28.0,Pune,1.97,2018-12-09
EMP_0422,Employee_422,50.0,Sales,Lead,656799.0,14.0,Hyderabad,2.17,2017-05-13
EMP_0423,Employee_423,,,Junior,651169.0,11.0,Bangalore,4.7,2016-04-01
EMP_0424,Employee_424,39.0,Marketing,Junior,406872.0,4.0,Pune,1.92,2011-07-23
EMP_0425,Employee_425,33.0,Design,Senior,614439.0,29.0,Delhi,2.16,2016-04-05
EMP_0426,Employee_426,30.0,Marketing,Junior,383416.0,22.0,Ahmedabad,2.48,2017-11-16
EMP_0427,Employee_427,31.0,Marketing,Junior,626051.0,15.0,Bangalore,3.65,2021-06-05
EMP_0428,Employee_428,38.0,Operations,Junior,494799.0,13.0,Kolkata,1.47,2018-12-19
EMP_0429,Employee_429,,Marketing,Junior,855846.0,9.0,Hyderabad,4.82,2022-01-10
EMP_0430,Employee_430,34.0,Finance,Junior,617886.0,6.0,Bangalore,4.46,2017-06-05
EMP_0431,Employee_431,30.0,HR,Mid,720174.0,12.0,Mumbai,3.31,2010-08-15
EMP_0432,Employee_432,48.0,Engineering,Mid,916630.0,19.0,Ahmedabad,,2012-08-02
EMP_0433,Employee_433,23.0,Sales,Manager,477389.0,27.0,Bangalore,1.07,2015-11-10
EMP_0434,Employee_434,26.0,Finance,Mid,,28.0,Delhi,2.36,2014-01-02
EMP_0435,Employee_435,50.0,Engineering,Senior,422113.0,4.0,Ahmedabad,4.18,2023-01-09
EMP_0436,Employee_436,,Design,Junior,651734.0,28.0,Mumbai,1.31,2015-12-15
EMP_0437,Employee_437,29.0,Design,Junior,864856.0,2.0,Chennai,2.13,2010-11-10
EMP_0438,Employee_438,22.0,Design,Senior,505817.0,14.0,Hyderabad,3.34,2012-06-07
EMP_0439,Employee_439,43.0,Finance,Junior,467106.0,3.0,Ahmedabad,,2023-05-20
EMP_0440,Employee_440,38.0,Finance,Mid,586323.0,14.0,Hyderabad,4.74,2019-09-30
EMP_0441,Employee_441,28.0,Sales,Senior,906872.0,13.0,Bangalore,1.52,2017-10-02
EMP_0442,Employee_442,46.0,HR,Senior,715655.0,19.0,Pune,4.19,2017-01-13
EMP_0443,Employee_443,25.0,Product,Junior,,18.0,,3.03,2019-10-15
EMP_0444,Employee_444,27.0,Marketing,Mid,,12.0,Chennai,,2023-08-07
EMP_0445,Employee_445,52.0,Design,Senior,351740.0,,Mumbai,2.24,2021-06-21
EMP_0446,Employee_446,40.0,,Junior,920483.0,20.0,Hyderabad,3.06,2012-08-05
EMP_0447,Employee_447,48.0,HR,Senior,728467.0,4.0,Mumbai,4.43,2018-08-22
EMP_0448,Employee_448,31.0,Operations,Senior,864533.0,26.0,Chennai,2.87,2022-12-07
EMP_0449,Employee_449,47.0,Sales,Director,352830.0,22.0,Pune,2.44,2014-04-07
EMP_0450,Employee_450,40.0,Sales,Junior,625416.0,19.0,Bangalore,3.14,2015-09-18
EMP_0451,Employee_451,24.0,Sales,Lead,579916.0,28.0,Delhi,3.87,2010-12-30
EMP_0452,Employee_452,,Engineering,Mid,,19.0,Mumbai,2.77,2019-10-13
EMP_0453,Employee_453,49.0,Operations,Mid,405596.0,24.0,Ahmedabad,4.76,2010-01-14
EMP_0454,Employee_454,41.0,HR,Junior,676062.0,5.0,Delhi,2.18,2021-08-30
EMP_0455,Employee_455,49.0,Product,Senior,689659.0,3.0,Hyderabad,2.9,2022-01-28
EMP_0456,Employee_456,29.0,HR,Junior,794996.0,1.0,Bangalore,4.03,2014-06-03
EMP_0457,Employee_457,22.0,Finance,Mid,524486.0,21.0,Kolkata,3.76,2018-03-03
EMP_0458,Employee_458,24.0,Finance,Junior,578758.0,15.0,Bangalore,,2019-09-04
EMP_0459,Employee_459,34.0,Design,Lead,392631.0,17.0,Mumbai,4.99,2011-07-28
EMP_0460,Employee_460,,Product,Lead,831117.0,4.0,Ahmedabad,2.71,2017-05-28
EMP_0461,Employee_461,46.0,Finance,Senior,610432.0,21.0,Pune,1.44,2017-01-15
EMP_0462,Employee_462,54.0,Sales,Mid,708388.0,3.0,Bangalore,1.12,2012-10-17
EMP_0463,Employee_463,27.0,HR,Junior,713685.0,29.0,Mumbai,3.91,2016-09-26
EMP_0464,Employee_464,53.0,Operations,Senior,818866.0,12.0,Mumbai,,2021-05-17
EMP_0465,Employee_465,42.0,Sales,Mid,475290.0,18.0,Delhi,1.88,2016-12-08
EMP_0466,Employee_466,37.0,Engineering,Junior,704637.0,22.0,Bangalore,1.63,2019-02-28
EMP_0467,Employee_467,42.0,Finance,Senior,596248.0,1.0,Mumbai,1.25,2017-04-26
EMP_0468,Employee_468,32.0,Sales,Director,,12.0,Delhi,4.29,2019-01-10
EMP_0469,Employee_469,40.0,Sales,Senior,474845.0,10.0,Ahmedabad,2.25,2016-08-19
EMP_0470,Employee_470,41.0,Engineering,Senior,775713.0,29.0,Chennai,2.61,2022-06-08
EMP_0471,Employee_471,39.0,,Director,652551.0,21.0,Ahmedabad,3.01,2012-11-08
EMP_0472,Employee_472,35.0,HR,Junior,644678.0,28.0,Kolkata,4.36,2014-04-21
EMP_0473,Employee_473,36.0,Operations,Senior,608103.0,3.0,Delhi,3.6,2019-06-07
EMP_0474,Employee_474,52.0,Design,Director,801999.0,21.0,Delhi,3.46,2018-07-03
EMP_0475,Employee_475,22.0,Marketing,Junior,639577.0,19.0,Mumbai,1.7,2013-11-26
EMP_0476,Employee_476,24.0,Finance,Senior,371337.0,19.0,Hyderabad,3.05,2022-10-07
EMP_0477,Employee_477,37.0,Sales,Senior,782925.0,14.0,Hyderabad,3.86,2016-10-01
EMP_0478,Employee_478,44.0,,Senior,755430.0,3.0,Pune,4.89,2019-02-09
EMP_0479,Employee_479,32.0,Engineering,Senior,688070.0,8.0,,1.81,2022-04-16
EMP_0480,Employee_480,33.0,Engineering,Manager,430728.0,6.0,Delhi,1.04,2010-01-04
EMP_0481,Employee_481,31.0,Product,Lead,,18.0,,,2016-10-25
EMP_0482,Employee_482,53.0,HR,Junior,318383.0,18.0,Ahmedabad,2.5,2016-06-08
EMP_0483,Employee_483,37.0,Marketing,Manager,669049.0,5.0,Mumbai,4.28,2014-09-18
EMP_0484,Employee_484,29.0,Design,Junior,397567.0,5.0,Ahmedabad,1.03,2019-08-23
EMP_0485,Employee_485,33.0,HR,Mid,342187.0,19.0,Bangalore,2.83,2023-01-04
EMP_0486,Employee_486,45.0,Product,Mid,,14.0,Kolkata,2.32,2023-08-10
EMP_0487,Employee_487,49.0,Sales,Mid,715226.0,14.0,Kolkata,1.21,2017-03-24
EMP_0488,Employee_488,29.0,Product,Mid,550024.0,24.0,Delhi,2.8,2020-06-06
EMP_0489,Employee_489,49.0,HR,Manager,579893.0,19.0,Delhi,2.02,2019-11-29
EMP_0490,Employee_490,47.0,Operations,Senior,238898.0,8.0,Pune,2.41,2019-12-02
EMP_0491,Employee_491,29.0,Engineering,Senior,737511.0,3.0,Mumbai,3.82,2014-10-17
EMP_0492,Employee_492,49.0,Engineering,Junior,496090.0,17.0,Chennai,,2021-06-19
EMP_0493,Employee_493,49.0,Finance,Manager,649543.0,17.0,Delhi,1.5,2020-08-12
EMP_0494,Employee_494,48.0,Finance,Manager,226715.0,4.0,Chennai,4.85,2013-10-22
EMP_0495,Employee_495,38.0,Product,Lead,746635.0,19.0,Ahmedabad,3.54,2011-11-26
EMP_0496,Employee_496,30.0,Design,Junior,487073.0,22.0,Chennai,4.06,2016-05-13
EMP_0497,Employee_497,54.0,Sales,Junior,393593.0,29.0,Hyderabad,1.32,2021-07-24
EMP_0498,Employee_498,41.0,Operations,Junior,549059.0,10.0,Mumbai,1.19,2017-07-08
EMP_0499,Employee_499,34.0,Marketing,Junior,510540.0,4.0,Kolkata,1.08,2012-02-05
EMP_0500,Employee_500,49.0,HR,Mid,761140.0,21.0,Kolkata,1.76,2015-04-09
EMP_0501,Employee_501,50.0,Design,Manager,536940.0,,Chennai,2.66,2016-12-17
EMP_0502,Employee_502,34.0,Sales,Mid,804392.0,3.0,Kolkata,4.74,2015-01-15
EMP_0503,Employee_503,27.0,Finance,Junior,649521.0,28.0,Ahmedabad,2.83,2014-06-20
EMP_0504,Employee_504,,Product,Mid,,,Mumbai,2.16,2013-04-22
EMP_0505,Employee_505,26.0,HR,Junior,599675.0,1.0,Hyderabad,3.25,2010-07-20
EMP_0506,Employee_506,,Finance,Junior,790808.0,12.0,Mumbai,,2011-01-14
EMP_0507,Employee_507,23.0,Product,Mid,426956.0,9.0,Delhi,3.44,2015-06-29
EMP_0508,Employee_508,31.0,HR,Mid,617043.0,8.0,Chennai,3.27,2020-08-28
EMP_0509,Employee_509,51.0,Marketing,Lead,540534.0,9.0,Mumbai,4.17,2011-08-20
EMP_0510,Employee_510,26.0,Sales,Director,809494.0,6.0,,4.95,2020-03-19
EMP_0511,Employee_511,,HR,Mid,824855.0,3.0,,2.0,2019-04-19
EMP_0512,Employee_512,22.0,Operations,Mid,600063.0,18.0,,3.04,2022-11-29
EMP_0513,Employee_513,39.0,Design,Lead,406273.0,9.0,Mumbai,4.64,2014-05-12
EMP_0514,Employee_514,53.0,Engineering,Mid,664064.0,29.0,Chennai,4.14,2018-08-12
EMP_0515,Employee_515,32.0,Operations,Junior,350308.0,2.0,Hyderabad,2.95,2021-02-01
EMP_0516,Employee_516,42.0,Operations,Manager,843921.0,24.0,Kolkata,4.78,2018-12-18
EMP_0517,Employee_517,47.0,Design,Junior,529024.0,20.0,Hyderabad,1.23,2015-06-22
EMP_0518,Employee_518,46.0,,Senior,595414.0,28.0,Chennai,4.72,2013-04-23
EMP_0519,Employee_519,43.0,Operations,Senior,497857.0,18.0,Kolkata,1.2,2010-02-15
EMP_0520,Employee_520,48.0,HR,Mid,464732.0,20.0,Delhi,3.19,2012-05-23
EMP_0521,Employee_521,34.0,HR,Mid,710593.0,1.0,Kolkata,4.56,2019-07-15
EMP_0522,Employee_522,54.0,HR,Lead,576207.0,26.0,Delhi,2.05,2014-11-28
EMP_0523,Employee_523,22.0,Engineering,Junior,606372.0,19.0,Hyderabad,2.89,2013-12-11
EMP_0524,Employee_524,42.0,Operations,Junior,449416.0,9.0,Hyderabad,2.3,2021-08-14
EMP_0525,Employee_525,27.0,Product,Senior,728408.0,1.0,Chennai,4.81,2020-06-02
EMP_0526,Employee_526,49.0,Engineering,Mid,743668.0,1.0,Delhi,,2011-02-16
EMP_0527,Employee_527,38.0,HR,Junior,568660.0,27.0,Hyderabad,3.84,2022-07-03
EMP_0528,Employee_528,26.0,Design,Manager,790188.0,23.0,Delhi,,2015-08-04
EMP_0529,Employee_529,52.0,Operations,Mid,584381.0,16.0,Hyderabad,4.28,2012-09-21
EMP_0530,Employee_530,26.0,Operations,Lead,716963.0,15.0,Kolkata,2.57,2020-03-28
EMP_0531,Employee_531,24.0,Finance,Lead,356560.0,15.0,Mumbai,2.79,2012-12-28
EMP_0532,Employee_532,44.0,Finance,Senior,653014.0,13.0,Ahmedabad,3.92,2020-06-03
EMP_0533,Employee_533,31.0,Marketing,Mid,559277.0,6.0,Bangalore,2.43,2021-11-30
EMP_0534,Employee_534,31.0,Product,Director,623328.0,20.0,Ahmedabad,1.26,2022-07-15
EMP_0535,Employee_535,40.0,Product,Junior,616602.0,10.0,Kolkata,1.3,2023-05-10
EMP_0536,Employee_536,38.0,Sales,Senior,618854.0,23.0,Pune,1.46,2017-02-12
EMP_0537,Employee_537,42.0,Product,Junior,692355.0,0.0,Ahmedabad,4.48,2019-12-05
EMP_0538,Employee_538,35.0,Finance,Mid,515223.0,10.0,,2.89,2021-04-28
EMP_0539,Employee_539,30.0,Engineering,Mid,685361.0,22.0,Pune,3.85,2019-07-28
EMP_0540,Employee_540,22.0,Product,Manager,784878.0,20.0,Hyderabad,2.57,2022-04-16
EMP_0541,Employee_541,34.0,Finance,Director,388478.0,3.0,Bangalore,2.03,2020-01-01
EMP_0542,Employee_542,25.0,Marketing,Junior,482918.0,6.0,Bangalore,2.39,2013-07-27
EMP_0543,Employee_543,22.0,Operations,Junior,489219.0,25.0,Hyderabad,4.18,2020-08-24
EMP_0544,Employee_544,53.0,Product,Senior,436193.0,14.0,Hyderabad,3.5,2020-02-04
EMP_0545,Employee_545,49.0,Marketing,Mid,528795.0,17.0,Delhi,4.75,2015-10-25
EMP_0546,Employee_546,52.0,Operations,Junior,754967.0,11.0,Hyderabad,3.72,2015-07-19
EMP_0547,Employee_547,29.0,Design,Senior,,16.0,Chennai,3.28,2016-03-21
EMP_0548,Employee_548,47.0,Design,Mid,,0.0,Ahmedabad,3.44,2021-09-10
EMP_0549,Employee_549,24.0,Operations,Director,551364.0,10.0,Hyderabad,4.77,2020-11-13
EMP_0550,Employee_550,33.0,Product,Junior,,27.0,Chennai,4.15,2015-05-14
EMP_0551,Employee_551,22.0,Sales,Mid,245404.0,0.0,Hyderabad,1.1,2016-02-28
EMP_0552,Employee_552,26.0,Finance,Mid,441723.0,14.0,,3.14,2019-11-13
EMP_0553,Employee_553,51.0,Engineering,Lead,251755.0,27.0,Chennai,3.75,2011-09-27
EMP_0554,Employee_554,51.0,Engineering,Mid,440145.0,20.0,Ahmedabad,3.99,2016-05-29
EMP_0555,Employee_555,38.0,HR,Senior,484947.0,9.0,Mumbai,1.85,2015-04-05
EMP_0556,Employee_556,,,Junior,821652.0,6.0,Chennai,4.47,2016-02-04
EMP_0557,Employee_557,36.0,Engineering,Lead,200000.0,1.0,Kolkata,4.82,2017-07-14
EMP_0558,Employee_558,42.0,Product,Mid,537494.0,9.0,Delhi,1.95,2017-03-04
EMP_0559,Employee_559,35.0,Sales,Junior,692934.0,23.0,Pune,,2022-02-11
EMP_0560,Employee_560,23.0,Operations,Senior,661609.0,3.0,Ahmedabad,1.39,2011-10-23
EMP_0561,Employee_561,32.0,Sales,Junior,819260.0,11.0,Chennai,1.22,2013-02-07
EMP_0562,Employee_562,39.0,Product,Junior,624157.0,18.0,Kolkata,1.52,2013-05-20
EMP_0563,Employee_563,51.0,Engineering,Manager,656141.0,25.0,Kolkata,1.23,2015-03-10
EMP_0564,Employee_564,36.0,Engineering,Mid,324223.0,10.0,Ahmedabad,,2018-08-04
EMP_0565,Employee_565,48.0,HR,Senior,451759.0,7.0,Ahmedabad,1.24,2013-06-05
EMP_0566,Employee_566,54.0,Engineering,Mid,332594.0,17.0,Kolkata,,2014-10-19
EMP_0567,Employee_567,45.0,Operations,Lead,,10.0,Hyderabad,1.42,2011-06-11
EMP_0568,Employee_568,36.0,Product,Junior,652303.0,10.0,Kolkata,2.18,2019-04-22
EMP_0569,Employee_569,51.0,Design,Mid,647030.0,12.0,Hyderabad,1.36,2019-02-22
EMP_0570,Employee_570,38.0,Product,Director,467784.0,2.0,Pune,3.67,2017-06-03
EMP_0571,Employee_571,26.0,Operations,Lead,454057.0,11.0,Delhi,1.53,2022-03-04
EMP_0572,Employee_572,50.0,Operations,Mid,631417.0,2.0,Bangalore,4.41,2020-06-13
EMP_0573,Employee_573,25.0,HR,Mid,499592.0,9.0,Hyderabad,4.27,2019-04-30
EMP_0574,Employee_574,31.0,HR,Manager,446939.0,26.0,Kolkata,1.05,2011-05-26
EMP_0575,Employee_575,38.0,Engineering,Mid,523741.0,16.0,Kolkata,4.58,2014-08-22
EMP_0576,Employee_576,31.0,Marketing,Lead,500888.0,21.0,Mumbai,1.12,2019-06-04
EMP_0577,Employee_577,38.0,Product,Lead,469991.0,1.0,Kolkata,1.96,2018-09-26
EMP_0578,Employee_578,41.0,Product,Junior,416134.0,16.0,Delhi,1.13,2023-02-06
EMP_0579,Employee_579,45.0,Marketing,Junior,667303.0,15.0,Chennai,2.34,2010-06-10
EMP_0580,Employee_580,26.0,HR,Senior,833407.0,1.0,Chennai,3.06,2022-11-30
EMP_0581,Employee_581,27.0,Engineering,Junior,594149.0,27.0,Kolkata,4.19,2018-07-14
EMP_0582,Employee_582,23.0,Marketing,Mid,633365.0,21.0,Mumbai,2.35,2020-09-12
EMP_0583,Employee_583,34.0,Engineering,Manager,680456.0,29.0,Hyderabad,3.82,2010-02-18
EMP_0584,Employee_584,32.0,Engineering,Senior,654984.0,,,1.75,2017-11-21
EMP_0585,Employee_585,44.0,Engineering,Lead,472963.0,5.0,Mumbai,4.0,2016-09-12
EMP_0586,Employee_586,37.0,Finance,Senior,857976.0,27.0,Hyderabad,1.94,2018-09-30
EMP_0587,Employee_587,52.0,Operations,Senior,486403.0,24.0,Delhi,,2019-05-26
EMP_0588,Employee_588,32.0,Engineering,Junior,697213.0,28.0,Kolkata,1.74,2022-01-27
EMP_0589,Employee_589,37.0,Finance,Mid,679528.0,,,1.73,2022-04-01
EMP_0590,Employee_590,29.0,HR,Mid,306233.0,27.0,Delhi,3.05,2023-07-13
EMP_0591,Employee_591,25.0,Marketing,Mid,546173.0,9.0,Kolkata,4.38,2014-12-12
EMP_0592,Employee_592,25.0,,Lead,608494.0,7.0,Pune,1.32,2020-12-13
EMP_0593,Employee_593,46.0,Design,Mid,619972.0,0.0,Bangalore,3.83,2014-12-03
EMP_0594,Employee_594,24.0,Marketing,Mid,645213.0,12.0,Delhi,3.62,2016-02-14
EMP_0595,Employee_595,53.0,Operations,Mid,713649.0,23.0,Bangalore,4.49,2019-10-11
EMP_0596,Employee_596,24.0,Design,Junior,598872.0,8.0,Delhi,1.98,2020-11-22
EMP_0597,Employee_597,48.0,Marketing,Mid,653192.0,21.0,Bangalore,2.8,2010-08-26
EMP_0598,Employee_598,50.0,Operations,Junior,593256.0,9.0,Pune,4.7,2018-09-21
EMP_0599,Employee_599,53.0,Marketing,Junior,447399.0,14.0,Chennai,3.64,2017-07-16
EMP_0600,Employee_600,40.0,Marketing,Junior,604860.0,4.0,Ahmedabad,2.56,2019-01-26
EMP_0601,Employee_601,42.0,Design,Mid,712363.0,21.0,Hyderabad,1.53,2013-09-14
EMP_0602,Employee_602,26.0,,Lead,766318.0,15.0,Bangalore,2.05,2020-06-25
EMP_0603,Employee_603,39.0,Marketing,Mid,680597.0,12.0,Pune,3.32,2012-11-11
EMP_0604,Employee_604,49.0,Design,Mid,800152.0,21.0,Bangalore,3.87,2021-12-24
EMP_0605,Employee_605,43.0,HR,Senior,662829.0,24.0,Chennai,1.5,2010-08-09
EMP_0606,Employee_606,42.0,Engineering,Junior,729581.0,19.0,Bangalore,3.4,2018-11-02
EMP_0607,Employee_607,27.0,Product,Manager,740608.0,,Pune,3.2,2023-04-11
EMP_0608,Employee_608,22.0,Sales,Mid,566497.0,10.0,Kolkata,3.06,2022-08-29
EMP_0609,Employee_609,26.0,Finance,Mid,708900.0,,Pune,3.76,2010-08-11
EMP_0610,Employee_610,33.0,Sales,Senior,458903.0,8.0,Ahmedabad,4.35,2011-11-19
EMP_0611,Employee_611,,Sales,Junior,652471.0,15.0,Ahmedabad,2.29,2019-08-13
EMP_0612,Employee_612,35.0,Operations,Senior,686553.0,1.0,,4.56,2013-01-16
EMP_0613,Employee_613,47.0,Engineering,Mid,,25.0,Mumbai,1.64,2020-05-10
EMP_0614,Employee_614,48.0,Operations,Manager,723113.0,24.0,Chennai,1.69,2014-01-28
EMP_0615,Employee_615,30.0,Engineering,Junior,759617.0,1.0,Kolkata,2.07,2011-02-16
EMP_0616,Employee_616,47.0,Design,Mid,585092.0,11.0,Mumbai,1.48,2015-11-02
EMP_0617,Employee_617,43.0,Design,Senior,548191.0,7.0,Chennai,1.92,2018-07-03
EMP_0618,Employee_618,51.0,Product,Junior,558765.0,8.0,Kolkata,1.43,2017-05-05
EMP_0619,Employee_619,38.0,Engineering,Mid,639942.0,11.0,Bangalore,4.29,2014-09-30
EMP_0620,Employee_620,47.0,Marketing,Senior,328687.0,25.0,Kolkata,1.56,2020-03-13
EMP_0621,Employee_621,22.0,HR,Lead,799763.0,8.0,Pune,3.99,2017-05-01
EMP_0622,Employee_622,29.0,Product,Mid,606581.0,9.0,Mumbai,1.19,2017-07-27
EMP_0623,Employee_623,36.0,Product,Lead,537749.0,24.0,Bangalore,4.79,2018-07-03
EMP_0624,Employee_624,43.0,Marketing,Director,220542.0,,Pune,3.84,2016-03-29
EMP_0625,Employee_625,35.0,HR,Manager,594477.0,15.0,Chennai,1.03,2019-06-16
EMP_0626,Employee_626,47.0,Operations,Junior,570228.0,19.0,Kolkata,4.06,2015-08-29
EMP_0627,Employee_627,49.0,HR,Senior,465443.0,6.0,Pune,3.06,2011-11-02
EMP_0628,Employee_628,44.0,Operations,Mid,499042.0,27.0,Bangalore,4.12,2020-07-19
EMP_0629,Employee_629,35.0,Design,Director,596004.0,,Mumbai,3.09,2010-06-08
EMP_0630,Employee_630,45.0,Sales,Mid,511764.0,0.0,Mumbai,3.56,2022-02-05
EMP_0631,Employee_631,23.0,Design,Junior,685781.0,18.0,Ahmedabad,4.15,2011-03-03
EMP_0632,Employee_632,47.0,Design,Senior,,27.0,Kolkata,2.62,2017-11-06
EMP_0633,Employee_633,35.0,Sales,Mid,623191.0,3.0,Pune,1.01,2015-01-11
EMP_0634,Employee_634,28.0,HR,Director,,23.0,Ahmedabad,4.4,2011-07-17
EMP_0635,Employee_635,24.0,Product,Director,594510.0,21.0,Bangalore,2.52,2010-11-26
EMP_0636,Employee_636,44.0,HR,Senior,,26.0,Ahmedabad,2.98,2010-09-12
EMP_0637,Employee_637,39.0,Operations,Junior,643897.0,1.0,Delhi,1.03,2015-07-19
EMP_0638,Employee_638,36.0,Marketing,Senior,601199.0,24.0,Chennai,2.97,2014-06-22
EMP_0639,Employee_639,46.0,Operations,Junior,589948.0,13.0,Ahmedabad,4.95,2010-06-16
EMP_0640,Employee_640,49.0,Marketing,Junior,514293.0,1.0,Chennai,2.11,2013-06-02
EMP_0641,Employee_641,31.0,Design,Lead,622651.0,28.0,Bangalore,2.58,2015-05-09
EMP_0642,Employee_642,38.0,,Junior,557509.0,14.0,Delhi,3.75,2012-10-31
EMP_0643,Employee_643,43.0,,Mid,831913.0,11.0,Mumbai,4.26,2020-08-15
EMP_0644,Employee_644,47.0,Engineering,Director,721671.0,4.0,Kolkata,2.67,2012-07-26
EMP_0645,Employee_645,46.0,HR,Mid,382080.0,27.0,Hyderabad,2.24,2022-08-26
EMP_0646,Employee_646,38.0,Marketing,Mid,390426.0,19.0,Hyderabad,4.75,2014-11-21
EMP_0647,Employee_647,34.0,Operations,Manager,580431.0,28.0,Kolkata,3.71,2020-06-06
EMP_0648,Employee_648,41.0,Sales,Junior,540704.0,6.0,Bangalore,1.48,2015-10-01
EMP_0649,Employee_649,46.0,Marketing,Lead,572520.0,,Delhi,1.28,2018-04-10
EMP_0650,Employee_650,25.0,Operations,Director,697674.0,20.0,Delhi,2.93,2013-10-06
EMP_0651,Employee_651,31.0,HR,Manager,647360.0,9.0,Chennai,1.88,2023-08-04
EMP_0652,Employee_652,24.0,Design,Senior,645844.0,13.0,Mumbai,2.02,2023-08-15
EMP_0653,Employee_653,39.0,HR,Mid,816929.0,13.0,,4.51,2012-07-27
EMP_0654,Employee_654,43.0,Finance,Mid,391666.0,4.0,,1.36,2013-09-03
EMP_0655,Employee_655,,Engineering,Lead,615590.0,17.0,Delhi,3.86,2016-12-23
EMP_0656,Employee_656,40.0,Finance,Manager,513142.0,23.0,Kolkata,2.08,2012-06-04
EMP_0657,Employee_657,,Sales,Mid,815315.0,13.0,Pune,4.04,2022-12-24
EMP_0658,Employee_658,47.0,Marketing,Junior,268597.0,1.0,Hyderabad,3.89,2010-07-30
EMP_0659,Employee_659,27.0,Sales,Junior,275177.0,25.0,Pune,1.03,2016-12-30
EMP_0660,Employee_660,54.0,Design,Junior,645695.0,11.0,Mumbai,3.04,2022-11-30
EMP_0661,Employee_661,43.0,Operations,Senior,768944.0,21.0,Kolkata,1.56,2018-06-02
EMP_0662,Employee_662,42.0,HR,Mid,715988.0,23.0,Mumbai,4.46,2018-11-24
EMP_0663,Employee_663,27.0,Finance,Manager,479852.0,5.0,Pune,4.49,2014-06-13
EMP_0664,Employee_664,27.0,Product,Senior,825963.0,3.0,Ahmedabad,2.67,2011-09-15
EMP_0665,Employee_665,25.0,Finance,Junior,415279.0,12.0,Bangalore,2.78,2023-04-13
EMP_0666,Employee_666,51.0,Design,Senior,796122.0,3.0,,2.21,2015-06-13
EMP_0667,Employee_667,32.0,,Mid,435115.0,21.0,,3.87,2012-04-14
EMP_0668,Employee_668,51.0,Design,Senior,547226.0,13.0,Bangalore,2.43,2016-10-06
EMP_0669,Employee_669,52.0,Product,Senior,695890.0,15.0,Pune,2.07,2023-06-20
EMP_0670,Employee_670,45.0,Sales,Lead,380068.0,28.0,Delhi,2.73,2012-09-18
EMP_0671,Employee_671,30.0,HR,Lead,820353.0,3.0,Chennai,1.37,2022-09-11
EMP_0672,Employee_672,24.0,Marketing,Mid,546308.0,23.0,Bangalore,3.99,2010-12-03
EMP_0673,Employee_673,52.0,Operations,Junior,620591.0,24.0,Bangalore,1.05,2017-10-15
EMP_0674,Employee_674,45.0,Marketing,Senior,774330.0,0.0,Pune,3.58,2021-12-13
EMP_0675,Employee_675,52.0,Sales,Junior,,12.0,Hyderabad,1.73,2019-08-11
EMP_0676,Employee_676,27.0,Operations,Mid,759122.0,3.0,Pune,1.93,2018-04-24
EMP_0677,Employee_677,23.0,,Junior,846080.0,19.0,Bangalore,3.54,2011-07-19
EMP_0678,Employee_678,41.0,Product,Senior,501663.0,17.0,Delhi,4.97,2021-05-07
EMP_0679,Employee_679,49.0,Product,Junior,805408.0,5.0,Ahmedabad,4.11,2017-08-27
EMP_0680,Employee_680,32.0,Engineering,Senior,335913.0,2.0,Hyderabad,1.9,2010-04-14
EMP_0681,Employee_681,25.0,Sales,Director,658440.0,22.0,Pune,1.7,2019-06-04
EMP_0682,Employee_682,36.0,Sales,Junior,415710.0,12.0,Ahmedabad,4.46,2020-12-29
EMP_0683,Employee_683,27.0,,Junior,741385.0,26.0,Kolkata,2.78,2012-05-14
EMP_0684,Employee_684,51.0,Marketing,Mid,729068.0,15.0,Pune,1.55,2019-09-22
EMP_0685,Employee_685,23.0,Sales,Manager,911606.0,26.0,Bangalore,4.45,2018-02-15
EMP_0686,Employee_686,36.0,Sales,Junior,813192.0,4.0,Ahmedabad,4.26,2020-04-24
EMP_0687,Employee_687,32.0,Finance,Mid,575134.0,,Bangalore,4.94,2013-06-07
EMP_0688,Employee_688,29.0,Finance,Junior,437737.0,20.0,Chennai,4.64,2019-10-08
EMP_0689,Employee_689,47.0,Operations,Lead,,7.0,Ahmedabad,4.41,2013-12-13
EMP_0690,Employee_690,26.0,Design,Mid,590890.0,18.0,Ahmedabad,1.21,2021-09-14
EMP_0691,Employee_691,27.0,Design,Lead,832673.0,,Pune,1.42,2016-01-22
EMP_0692,Employee_692,47.0,Engineering,Manager,,6.0,Bangalore,3.28,2022-01-26
EMP_0693,Employee_693,25.0,Design,Junior,928208.0,13.0,Kolkata,3.13,2020-11-04
EMP_0694,Employee_694,40.0,HR,Lead,679798.0,5.0,Mumbai,2.83,2020-06-05
EMP_0695,Employee_695,41.0,Engineering,Junior,478048.0,11.0,,2.59,2019-10-09
EMP_0696,Employee_696,54.0,Operations,Manager,710098.0,15.0,Mumbai,2.72,2023-04-16
EMP_0697,Employee_697,41.0,Finance,Senior,794613.0,16.0,Hyderabad,3.28,2016-01-08
EMP_0698,Employee_698,33.0,Design,Manager,617152.0,12.0,Kolkata,1.01,2017-03-25
EMP_0699,Employee_699,22.0,Marketing,Junior,335261.0,22.0,Ahmedabad,2.04,2015-07-05
EMP_0700,Employee_700,47.0,Finance,Junior,555922.0,13.0,Ahmedabad,3.07,2011-12-11
EMP_0701,Employee_701,35.0,Product,Mid,755909.0,28.0,Pune,3.89,2016-04-03
EMP_0702,Employee_702,32.0,HR,Mid,674499.0,6.0,Chennai,1.7,2020-02-10
EMP_0703,Employee_703,34.0,Finance,Junior,,13.0,Bangalore,3.19,2015-06-21
EMP_0704,Employee_704,24.0,HR,Mid,796247.0,14.0,Bangalore,3.86,2020-06-03
EMP_0705,Employee_705,54.0,HR,Junior,710895.0,11.0,Bangalore,2.78,2022-10-13
EMP_0706,Employee_706,27.0,HR,Mid,722450.0,16.0,Pune,1.11,2023-09-09
EMP_0707,Employee_707,31.0,Operations,Lead,538404.0,8.0,Hyderabad,2.8,2018-07-02
EMP_0708,Employee_708,,HR,Mid,523892.0,21.0,Ahmedabad,2.19,2017-07-18
EMP_0709,Employee_709,44.0,HR,Junior,345006.0,14.0,Kolkata,4.72,2010-08-24
EMP_0710,Employee_710,31.0,Product,Mid,561091.0,11.0,Bangalore,1.5,2021-02-01
EMP_0711,Employee_711,23.0,Marketing,Junior,740308.0,,Mumbai,3.61,2017-04-16
EMP_0712,Employee_712,34.0,Engineering,Director,569386.0,,Bangalore,1.21,2014-01-29
EMP_0713,Employee_713,23.0,Sales,Junior,666830.0,12.0,Ahmedabad,2.78,2020-12-08
EMP_0714,Employee_714,41.0,Product,Senior,766679.0,26.0,Pune,3.22,2014-10-04
EMP_0715,Employee_715,22.0,Engineering,Director,655924.0,19.0,Kolkata,,2017-12-16
EMP_0716,Employee_716,30.0,HR,Lead,670577.0,22.0,Chennai,2.82,2015-10-18
EMP_0717,Employee_717,,Marketing,Senior,396326.0,7.0,Kolkata,1.65,2017-08-20
EMP_0718,Employee_718,30.0,Finance,Lead,,26.0,Mumbai,2.22,2016-04-09
EMP_0719,Employee_719,32.0,Marketing,Director,858993.0,13.0,Bangalore,3.48,2023-05-16
EMP_0720,Employee_720,36.0,Product,Senior,615569.0,14.0,Bangalore,2.21,2016-03-13
EMP_0721,Employee_721,45.0,HR,Senior,884510.0,10.0,Delhi,4.6,2022-06-20
EMP_0722,Employee_722,51.0,Marketing,Senior,491532.0,0.0,Hyderabad,3.51,2010-03-25
EMP_0723,Employee_723,52.0,Design,Mid,635092.0,20.0,Mumbai,2.75,2021-08-03
EMP_0724,Employee_724,26.0,Marketing,Senior,542598.0,2.0,Delhi,1.16,2014-04-15
EMP_0725,Employee_725,35.0,HR,Mid,688797.0,16.0,Kolkata,3.0,2011-12-03
EMP_0726,Employee_726,32.0,Operations,Junior,734251.0,27.0,Chennai,4.06,2015-06-01
EMP_0727,Employee_727,30.0,Design,Junior,690369.0,18.0,Hyderabad,2.06,2019-02-12
EMP_0728,Employee_728,33.0,Marketing,Junior,756277.0,13.0,Mumbai,4.23,2020-12-16
EMP_0729,Employee_729,22.0,Sales,Mid,598024.0,21.0,Bangalore,2.01,2022-06-15
EMP_0730,Employee_730,43.0,Sales,Junior,571420.0,29.0,Kolkata,4.29,2015-05-23
EMP_0731,Employee_731,50.0,Marketing,Senior,336271.0,22.0,Mumbai,1.34,2020-09-05
EMP_0732,Employee_732,29.0,Operations,Mid,695767.0,7.0,Bangalore,4.46,2021-01-03
EMP_0733,Employee_733,32.0,Finance,Lead,625827.0,12.0,Ahmedabad,3.0,2020-01-20
EMP_0734,Employee_734,35.0,HR,Junior,589812.0,26.0,,2.19,2010-05-22
EMP_0735,Employee_735,51.0,Sales,Junior,571377.0,19.0,Ahmedabad,2.06,2012-02-02
EMP_0736,Employee_736,42.0,Finance,Senior,594468.0,2.0,Ahmedabad,2.73,2016-08-07
EMP_0737,Employee_737,26.0,Marketing,Senior,564564.0,4.0,Bangalore,5.0,2014-12-21
EMP_0738,Employee_738,40.0,Product,Junior,520794.0,8.0,Chennai,1.88,2019-01-26
EMP_0739,Employee_739,35.0,Finance,Manager,635938.0,,Kolkata,1.41,2015-06-17
EMP_0740,Employee_740,47.0,,Manager,672623.0,5.0,Pune,3.34,2016-11-13
EMP_0741,Employee_741,25.0,Engineering,Mid,484414.0,24.0,,2.95,2023-01-17
EMP_0742,Employee_742,46.0,Sales,Mid,539889.0,21.0,Chennai,3.1,2018-04-12
EMP_0743,Employee_743,46.0,Marketing,Director,569306.0,1.0,Pune,3.67,2020-08-12
EMP_0744,Employee_744,39.0,Product,Senior,600721.0,12.0,Kolkata,2.07,2022-06-01
EMP_0745,Employee_745,29.0,HR,Mid,580772.0,4.0,Ahmedabad,4.64,2021-11-28
EMP_0746,Employee_746,35.0,Product,Lead,698958.0,27.0,Hyderabad,2.74,2017-09-17
EMP_0747,Employee_747,53.0,Operations,Mid,352144.0,26.0,Hyderabad,1.52,2019-07-18
EMP_0748,Employee_748,54.0,Design,Mid,378744.0,24.0,Kolkata,3.97,2022-05-06
EMP_0749,Employee_749,44.0,Marketing,Mid,629035.0,,Kolkata,3.57,2017-06-02
EMP_0750,Employee_750,36.0,HR,Lead,509597.0,22.0,Mumbai,2.26,2017-11-22
EMP_0751,Employee_751,54.0,Operations,Senior,732636.0,0.0,Chennai,,2020-03-06
EMP_0752,Employee_752,46.0,Operations,Senior,775470.0,19.0,Ahmedabad,1.88,2016-01-29
EMP_0753,Employee_753,38.0,Marketing,Mid,635062.0,11.0,Chennai,2.78,2016-11-16
EMP_0754,Employee_754,54.0,Design,Junior,439203.0,22.0,Kolkata,4.6,2015-08-22
EMP_0755,Employee_755,23.0,Finance,Mid,758189.0,10.0,Delhi,1.53,2015-03-04
EMP_0756,Employee_756,35.0,Finance,Senior,629835.0,6.0,Delhi,2.55,2012-09-15
EMP_0757,Employee_757,27.0,Operations,Mid,376959.0,14.0,Pune,4.28,2014-04-27
EMP_0758,Employee_758,27.0,Finance,Junior,390222.0,21.0,Pune,4.88,2017-01-28
EMP_0759,Employee_759,,Engineering,Manager,827542.0,23.0,Delhi,2.82,2012-09-06
EMP_0760,Employee_760,28.0,Operations,Junior,802670.0,10.0,Kolkata,3.03,2022-01-07
EMP_0761,Employee_761,29.0,Operations,Director,222428.0,28.0,Kolkata,3.29,2014-02-25
EMP_0762,Employee_762,,HR,Junior,396331.0,21.0,,4.73,2014-04-19
EMP_0763,Employee_763,50.0,Finance,Senior,771128.0,25.0,Bangalore,4.43,2014-11-08
EMP_0764,Employee_764,54.0,Design,Junior,597226.0,15.0,Kolkata,1.68,2020-11-10
EMP_0765,Employee_765,51.0,,Manager,705277.0,2.0,,2.75,2016-03-15
EMP_0766,Employee_766,48.0,Product,Mid,590707.0,19.0,Chennai,2.86,2023-03-23
EMP_0767,Employee_767,50.0,Design,Junior,698173.0,13.0,Kolkata,4.16,2021-10-07
EMP_0768,Employee_768,54.0,Engineering,Mid,600875.0,2.0,Ahmedabad,,2023-05-21
EMP_0769,Employee_769,48.0,HR,Junior,534358.0,0.0,Kolkata,3.62,2016-05-07
EMP_0770,Employee_770,54.0,Marketing,Junior,758811.0,,Bangalore,4.99,2012-04-03
EMP_0771,Employee_771,25.0,Design,Manager,630308.0,20.0,Pune,1.3,2014-05-10
EMP_0772,Employee_772,43.0,Operations,Mid,697858.0,14.0,Kolkata,1.89,2016-08-23
EMP_0773,Employee_773,23.0,Engineering,Lead,623617.0,0.0,Hyderabad,2.63,2015-02-07
EMP_0774,Employee_774,31.0,Sales,Senior,527046.0,16.0,Mumbai,2.39,2018-02-04
EMP_0775,Employee_775,26.0,Engineering,Senior,841258.0,1.0,Delhi,1.09,2014-01-09
EMP_0776,Employee_776,31.0,Engineering,Junior,653245.0,28.0,Ahmedabad,1.37,2016-10-12
EMP_0777,Employee_777,54.0,HR,Junior,546742.0,19.0,Ahmedabad,3.72,2010-04-26
EMP_0778,Employee_778,34.0,Marketing,Lead,791749.0,5.0,Ahmedabad,,2021-12-24
EMP_0779,Employee_779,52.0,Sales,Director,401876.0,7.0,Hyderabad,3.06,2012-11-02
EMP_0780,Employee_780,45.0,Finance,Mid,935442.0,28.0,Ahmedabad,3.16,2016-02-26
EMP_0781,Employee_781,36.0,Finance,Mid,573127.0,15.0,Ahmedabad,2.02,2011-01-08
EMP_0782,Employee_782,50.0,Design,Mid,409797.0,18.0,Pune,4.07,2011-03-23
EMP_0783,Employee_783,29.0,Engineering,Director,885891.0,0.0,Chennai,4.01,2022-05-31
EMP_0784,Employee_784,26.0,Product,Mid,530524.0,2.0,Mumbai,3.35,2016-07-21
EMP_0785,Employee_785,50.0,HR,Mid,636486.0,27.0,Hyderabad,1.85,2012-10-31
EMP_0786,Employee_786,25.0,Product,Manager,707653.0,2.0,Mumbai,,2021-01-04
EMP_0787,Employee_787,33.0,HR,Junior,777625.0,,,1.26,2012-04-20
EMP_0788,Employee_788,23.0,Finance,Junior,,26.0,Pune,3.37,2010-04-11
EMP_0789,Employee_789,48.0,Design,Senior,502902.0,11.0,Kolkata,4.3,2022-11-16
EMP_0790,Employee_790,52.0,Design,Manager,632848.0,11.0,Chennai,4.43,2016-05-18
EMP_0791,Employee_791,47.0,Design,Junior,537102.0,19.0,Pune,2.85,2020-07-12
EMP_0792,Employee_792,48.0,Sales,Mid,637351.0,12.0,Mumbai,4.14,2020-09-26
EMP_0793,Employee_793,26.0,Marketing,Mid,844222.0,19.0,Hyderabad,4.79,2019-11-18
EMP_0794,Employee_794,41.0,Sales,Mid,713388.0,8.0,Delhi,2.1,2017-08-23
EMP_0795,Employee_795,32.0,Operations,Senior,630996.0,6.0,Delhi,2.59,2014-02-19
EMP_0796,Employee_796,31.0,,Mid,710773.0,3.0,Pune,4.73,2011-02-25
EMP_0797,Employee_797,27.0,Product,Mid,721512.0,18.0,Kolkata,2.35,2015-08-31
EMP_0798,Employee_798,29.0,Marketing,Mid,438318.0,21.0,Hyderabad,4.66,2020-09-18
EMP_0799,Employee_799,44.0,Finance,Senior,,18.0,,4.92,2012-07-23
EMP_0800,Employee_800,47.0,Marketing,Mid,984379.0,5.0,Kolkata,3.65,2011-06-20
EMP_0801,Employee_801,,HR,Manager,781923.0,26.0,Ahmedabad,4.27,2018-12-27
EMP_0802,Employee_802,47.0,Operations,Junior,524484.0,12.0,Hyderabad,4.0,2021-01-11
EMP_0803,Employee_803,34.0,Engineering,Lead,509518.0,10.0,Mumbai,3.8,2011-08-30
EMP_0804,Employee_804,39.0,Engineering,Lead,,12.0,Pune,2.23,2022-12-10
EMP_0805,Employee_805,46.0,Finance,Mid,729947.0,12.0,Pune,1.23,2011-03-16
EMP_0806,Employee_806,54.0,HR,Mid,841146.0,27.0,Ahmedabad,2.37,2013-05-27
EMP_0807,Employee_807,33.0,Product,Mid,687325.0,24.0,Bangalore,3.67,2013-05-07
EMP_0808,Employee_808,25.0,Sales,Junior,623574.0,21.0,Pune,1.41,2022-08-16
EMP_0809,Employee_809,26.0,HR,Mid,533376.0,27.0,Delhi,1.05,2016-10-25
EMP_0810,Employee_810,29.0,Engineering,Junior,649405.0,19.0,Mumbai,1.56,2011-11-29
EMP_0811,Employee_811,49.0,Engineering,Mid,476981.0,,Hyderabad,3.86,2015-07-27
EMP_0812,Employee_812,52.0,Product,Lead,309635.0,20.0,,4.89,2012-08-28
EMP_0813,Employee_813,30.0,Operations,Mid,845523.0,12.0,Mumbai,4.93,2022-07-08
EMP_0814,Employee_814,50.0,HR,Lead,449128.0,21.0,Ahmedabad,2.98,2019-05-03
EMP_0815,Employee_815,35.0,HR,Mid,551275.0,10.0,Pune,4.48,2023-08-07
EMP_0816,Employee_816,43.0,Engineering,Manager,698453.0,18.0,Hyderabad,3.95,2023-05-16
EMP_0817,Employee_817,32.0,Sales,Senior,815170.0,7.0,Chennai,3.0,2015-01-23
EMP_0818,Employee_818,44.0,Finance,Junior,638569.0,19.0,Hyderabad,3.29,2021-09-20
EMP_0819,Employee_819,22.0,,Senior,420943.0,7.0,Hyderabad,1.55,2018-07-14
EMP_0820,Employee_820,42.0,Finance,Junior,554798.0,9.0,Hyderabad,4.75,2020-02-08
EMP_0821,Employee_821,47.0,HR,Mid,498227.0,25.0,Pune,2.41,2019-12-06
EMP_0822,Employee_822,44.0,Finance,Manager,594268.0,15.0,Bangalore,2.78,2016-09-01
EMP_0823,Employee_823,22.0,Engineering,Junior,784797.0,18.0,Hyderabad,3.69,2023-03-15
EMP_0824,Employee_824,36.0,Engineering,Mid,219391.0,25.0,Ahmedabad,2.34,2019-08-14
EMP_0825,Employee_825,42.0,Product,Senior,538291.0,22.0,,2.02,2016-11-06
EMP_0826,Employee_826,30.0,HR,Manager,527392.0,10.0,Delhi,3.52,2022-10-03
EMP_0827,Employee_827,30.0,Product,Senior,411485.0,12.0,Ahmedabad,1.1,2011-05-09
EMP_0828,Employee_828,31.0,HR,Mid,687823.0,27.0,,3.88,2023-09-04
EMP_0829,Employee_829,47.0,Design,Senior,387753.0,8.0,Bangalore,3.06,2012-03-23
EMP_0830,Employee_830,46.0,Design,Mid,405015.0,19.0,Mumbai,3.42,2014-08-30
EMP_0831,Employee_831,47.0,Operations,Senior,727660.0,23.0,Ahmedabad,3.53,2014-09-25
EMP_0832,Employee_832,32.0,HR,Director,825085.0,18.0,Delhi,3.11,2015-12-08
EMP_0833,Employee_833,23.0,Sales,Senior,588585.0,15.0,Kolkata,3.33,2011-10-28
EMP_0834,Employee_834,28.0,Finance,Manager,417390.0,6.0,Delhi,3.74,2013-07-10
EMP_0835,Employee_835,39.0,,Junior,494166.0,18.0,Chennai,4.01,2015-05-19
EMP_0836,Employee_836,48.0,Marketing,Senior,751200.0,11.0,Hyderabad,3.91,2013-11-24
EMP_0837,Employee_837,48.0,Operations,Lead,617465.0,14.0,Kolkata,4.48,2022-05-19
EMP_0838,Employee_838,38.0,Marketing,Junior,584844.0,22.0,Delhi,1.76,2011-09-07
EMP_0839,Employee_839,45.0,Engineering,Manager,646957.0,13.0,Pune,,2013-07-06
EMP_0840,Employee_840,46.0,Design,Mid,594351.0,10.0,Pune,4.79,2010-01-22
EMP_0841,Employee_841,28.0,Finance,Senior,831856.0,25.0,Mumbai,2.59,2019-03-01
EMP_0842,Employee_842,27.0,HR,Lead,487628.0,9.0,Kolkata,1.5,2020-02-08
EMP_0843,Employee_843,45.0,Marketing,Senior,470406.0,26.0,Mumbai,3.1,2023-04-27
EMP_0844,Employee_844,54.0,Finance,Junior,392481.0,10.0,Hyderabad,1.44,2020-07-16
EMP_0845,Employee_845,50.0,Engineering,Senior,519001.0,5.0,Hyderabad,1.81,2016-07-13
EMP_0846,Employee_846,43.0,,Mid,436203.0,1.0,Chennai,4.99,2010-09-25
EMP_0847,Employee_847,47.0,Sales,Manager,632711.0,10.0,Ahmedabad,3.17,2015-03-12
EMP_0848,Employee_848,49.0,Operations,Mid,603142.0,18.0,Ahmedabad,2.14,2016-06-18
EMP_0849,Employee_849,42.0,Finance,Mid,438138.0,5.0,Bangalore,,2016-05-05
EMP_0850,Employee_850,28.0,Finance,Senior,688370.0,13.0,Mumbai,4.87,2020-03-08
EMP_0851,Employee_851,38.0,Sales,Mid,827521.0,19.0,Hyderabad,2.76,2011-08-07
EMP_0852,Employee_852,41.0,Finance,Senior,653675.0,5.0,Ahmedabad,2.04,2015-03-28
EMP_0853,Employee_853,41.0,Engineering,Senior,218475.0,16.0,Mumbai,4.35,2015-12-08
EMP_0854,Employee_854,43.0,Engineering,Manager,898069.0,9.0,Hyderabad,3.86,2023-03-25
EMP_0855,Employee_855,49.0,,Senior,712038.0,27.0,Delhi,3.75,2014-06-09
EMP_0856,Employee_856,28.0,Operations,Mid,893462.0,0.0,Mumbai,4.57,2019-07-15
EMP_0857,Employee_857,22.0,HR,Junior,763608.0,2.0,Delhi,3.76,2012-07-29
EMP_0858,Employee_858,53.0,Marketing,Junior,793577.0,7.0,Mumbai,2.14,2022-03-20
EMP_0859,Employee_859,34.0,HR,Junior,630790.0,7.0,Bangalore,3.78,2015-01-16
EMP_0860,Employee_860,51.0,Finance,Junior,560655.0,26.0,Chennai,2.22,2013-05-05
EMP_0861,Employee_861,44.0,Marketing,Senior,656022.0,19.0,Pune,4.04,2015-12-17
EMP_0862,Employee_862,40.0,Product,Senior,493682.0,21.0,Ahmedabad,3.48,2013-03-11
EMP_0863,Employee_863,53.0,Sales,Mid,665082.0,14.0,Pune,1.31,2011-08-08
EMP_0864,Employee_864,51.0,Sales,Lead,205982.0,23.0,Pune,3.05,2011-05-04
EMP_0865,Employee_865,50.0,Operations,Director,606439.0,6.0,Delhi,2.37,2013-09-21
EMP_0866,Employee_866,50.0,Marketing,Lead,,10.0,Kolkata,2.31,2016-11-24
EMP_0867,Employee_867,51.0,Engineering,Senior,614146.0,6.0,Hyderabad,3.41,2023-05-07
EMP_0868,Employee_868,37.0,Marketing,Mid,859122.0,28.0,Pune,2.29,2022-10-07
EMP_0869,Employee_869,40.0,Finance,Mid,560438.0,3.0,Bangalore,,2016-06-22
EMP_0870,Employee_870,39.0,,Junior,,24.0,Pune,1.28,2019-11-07
EMP_0871,Employee_871,22.0,Design,Mid,468259.0,11.0,Mumbai,3.64,2012-10-15
EMP_0872,Employee_872,35.0,Design,Manager,744293.0,25.0,Delhi,4.24,2020-07-06
EMP_0873,Employee_873,23.0,Product,Lead,,5.0,Kolkata,3.69,2016-10-27
EMP_0874,Employee_874,49.0,Design,Junior,567037.0,13.0,Mumbai,,2019-01-11
EMP_0875,Employee_875,51.0,Sales,Mid,213917.0,11.0,Kolkata,4.8,2016-02-09
EMP_0876,Employee_876,25.0,Marketing,Lead,561843.0,10.0,Mumbai,2.2,2021-03-23
EMP_0877,Employee_877,,Design,Junior,632017.0,18.0,Mumbai,1.08,2022-02-10
EMP_0878,Employee_878,29.0,HR,Mid,,20.0,Ahmedabad,2.73,2021-01-28
EMP_0879,Employee_879,50.0,Operations,Manager,834142.0,4.0,Chennai,1.13,2019-10-27
EMP_0880,Employee_880,24.0,HR,Mid,905254.0,13.0,Chennai,4.82,2011-10-21
EMP_0881,Employee_881,53.0,Design,Junior,786940.0,20.0,Hyderabad,1.84,2023-06-01
EMP_0882,Employee_882,31.0,Product,Mid,515686.0,23.0,Delhi,4.16,2010-11-23
EMP_0883,Employee_883,,Operations,Manager,554279.0,15.0,Bangalore,4.1,2019-09-10
EMP_0884,Employee_884,40.0,Finance,Senior,710837.0,24.0,Bangalore,1.87,2017-03-25
EMP_0885,Employee_885,54.0,HR,Junior,677942.0,12.0,,3.48,2023-07-17
EMP_0886,Employee_886,44.0,Product,Mid,844251.0,24.0,Ahmedabad,1.19,2015-08-14
EMP_0887,Employee_887,,Marketing,Mid,971908.0,28.0,Mumbai,2.93,2010-07-31
EMP_0888,Employee_888,53.0,Marketing,Senior,940077.0,,Chennai,1.06,2012-01-19
EMP_0889,Employee_889,28.0,HR,Lead,824090.0,21.0,Delhi,4.68,2015-02-19
EMP_0890,Employee_890,50.0,Design,Junior,679185.0,24.0,Mumbai,4.9,2022-11-26
EMP_0891,Employee_891,29.0,Product,Manager,802398.0,19.0,Kolkata,1.89,2023-03-03
EMP_0892,Employee_892,22.0,Marketing,Junior,849216.0,21.0,Chennai,1.83,2010-06-19
EMP_0893,Employee_893,24.0,Finance,Mid,577904.0,,Chennai,4.01,2016-01-17
EMP_0894,Employee_894,45.0,Engineering,Junior,520100.0,10.0,Pune,2.01,2022-12-04
EMP_0895,Employee_895,44.0,Design,Mid,,16.0,,4.58,2010-11-26
EMP_0896,Employee_896,29.0,Product,Mid,468542.0,6.0,Ahmedabad,3.3,2013-12-06
EMP_0897,Employee_897,24.0,Finance,Mid,,13.0,Delhi,2.4,2020-07-21
EMP_0898,Employee_898,54.0,Product,Junior,637485.0,25.0,Kolkata,4.33,2021-08-22
EMP_0899,Employee_899,49.0,Operations,Senior,,10.0,Delhi,,2019-12-02
EMP_0900,Employee_900,29.0,Finance,Junior,482471.0,27.0,Delhi,4.65,2016-03-28
EMP_0901,Employee_901,53.0,Design,Lead,705188.0,21.0,,4.71,2014-01-26
EMP_0902,Employee_902,45.0,Operations,Manager,627241.0,8.0,Ahmedabad,1.66,2023-02-17
EMP_0903,Employee_903,35.0,Design,Mid,664443.0,22.0,Mumbai,1.01,2019-10-11
EMP_0904,Employee_904,53.0,Marketing,Mid,804772.0,12.0,Hyderabad,4.94,2021-01-11
EMP_0905,Employee_905,,Engineering,Mid,729679.0,22.0,,4.62,2012-01-18
EMP_0906,Employee_906,,,Junior,827832.0,17.0,,1.22,2020-07-17
EMP_0907,Employee_907,42.0,Design,Mid,611996.0,27.0,Pune,4.33,2017-10-21
EMP_0908,Employee_908,35.0,Marketing,Lead,841768.0,10.0,Hyderabad,2.83,2019-02-28
EMP_0909,Employee_909,52.0,Sales,Senior,653960.0,14.0,Mumbai,2.04,2017-06-23
EMP_0910,Employee_910,39.0,Marketing,Junior,625305.0,24.0,Hyderabad,4.51,2017-03-15
EMP_0911,Employee_911,28.0,,Lead,819228.0,25.0,Bangalore,1.79,2012-05-06
EMP_0912,Employee_912,31.0,Marketing,Mid,469176.0,24.0,Kolkata,4.79,2013-08-10
EMP_0913,Employee_913,28.0,,Lead,903540.0,21.0,Hyderabad,1.82,2017-05-25
EMP_0914,Employee_914,54.0,Engineering,Senior,557684.0,28.0,Delhi,3.45,2019-03-27
EMP_0915,Employee_915,44.0,Marketing,Senior,417283.0,18.0,Mumbai,,2021-02-10
EMP_0916,Employee_916,42.0,Product,Junior,698025.0,0.0,Kolkata,3.18,2016-06-19
EMP_0917,Employee_917,40.0,Design,Junior,543401.0,3.0,Delhi,3.74,2018-12-25
EMP_0918,Employee_918,40.0,Product,Director,903871.0,13.0,Kolkata,1.76,2022-05-04
EMP_0919,Employee_919,,Engineering,Junior,535064.0,13.0,Pune,3.08,2010-10-28
EMP_0920,Employee_920,39.0,HR,Director,647167.0,,Bangalore,2.88,2020-03-14
EMP_0921,Employee_921,23.0,Sales,Mid,,29.0,Pune,1.28,2011-12-23
EMP_0922,Employee_922,22.0,Product,Junior,721937.0,27.0,Delhi,4.27,2017-01-20
EMP_0923,Employee_923,26.0,Engineering,Junior,483391.0,16.0,Delhi,2.34,2015-08-30
EMP_0924,Employee_924,41.0,Operations,Junior,703998.0,2.0,Delhi,3.3,2017-04-02
EMP_0925,Employee_925,32.0,HR,Manager,535748.0,15.0,Chennai,3.06,2012-08-07
EMP_0926,Employee_926,23.0,Engineering,Mid,292959.0,13.0,Bangalore,3.05,2019-01-25
EMP_0927,Employee_927,24.0,Engineering,Mid,619678.0,29.0,Kolkata,1.43,2021-07-17
EMP_0928,Employee_928,,Sales,Mid,612964.0,19.0,Ahmedabad,,2010-01-10
EMP_0929,Employee_929,33.0,Design,Junior,732160.0,28.0,Delhi,2.81,2022-03-03
EMP_0930,Employee_930,41.0,Product,Mid,833400.0,12.0,Delhi,3.93,2020-05-12
EMP_0931,Employee_931,,Operations,Junior,886861.0,14.0,Kolkata,4.36,2019-04-09
EMP_0932,Employee_932,51.0,Finance,Lead,729623.0,13.0,Ahmedabad,3.18,2011-03-21
EMP_0933,Employee_933,30.0,Product,Mid,641792.0,23.0,Pune,1.35,2014-03-17
EMP_0934,Employee_934,43.0,Finance,Mid,385899.0,24.0,Pune,1.95,2021-08-18
EMP_0935,Employee_935,,Engineering,Mid,630303.0,18.0,,1.66,2018-02-11
EMP_0936,Employee_936,,Marketing,Mid,632241.0,5.0,Mumbai,1.5,2021-03-07
EMP_0937,Employee_937,31.0,Operations,Director,570203.0,9.0,Chennai,2.46,2019-12-01
EMP_0938,Employee_938,51.0,HR,Mid,694945.0,26.0,Pune,1.92,2011-02-27
EMP_0939,Employee_939,44.0,Marketing,Junior,768285.0,14.0,Mumbai,1.87,2014-07-26
EMP_0940,Employee_940,53.0,Marketing,Senior,477239.0,20.0,Chennai,1.22,2015-12-28
EMP_0941,Employee_941,38.0,Product,Junior,474902.0,21.0,Delhi,1.07,2022-04-27
EMP_0942,Employee_942,38.0,Operations,Junior,579106.0,19.0,Bangalore,1.41,2012-12-09
EMP_0943,Employee_943,35.0,Design,Director,507715.0,25.0,Hyderabad,1.69,2016-06-17
EMP_0944,Employee_944,30.0,Engineering,Lead,353812.0,5.0,Hyderabad,2.72,2019-10-30
EMP_0945,Employee_945,23.0,Engineering,Director,450511.0,22.0,Delhi,3.04,2020-11-14
EMP_0946,Employee_946,46.0,Engineering,Mid,415151.0,24.0,,1.56,2012-09-21
EMP_0947,Employee_947,30.0,Engineering,Mid,781267.0,9.0,Mumbai,2.7,2010-08-25
EMP_0948,Employee_948,43.0,Product,Junior,855424.0,6.0,Bangalore,2.37,2023-08-28
EMP_0949,Employee_949,25.0,Finance,Junior,,21.0,Kolkata,,2015-05-15
EMP_0950,Employee_950,47.0,Engineering,Lead,681911.0,16.0,,1.03,2013-07-21
EMP_0951,Employee_951,50.0,,Mid,731027.0,17.0,Delhi,2.87,2016-12-20
EMP_0952,Employee_952,44.0,,Lead,376159.0,16.0,Bangalore,3.74,2022-05-10
EMP_0953,Employee_953,32.0,Design,Senior,624146.0,8.0,Ahmedabad,1.91,2010-04-23
EMP_0954,Employee_954,27.0,Engineering,Junior,980027.0,9.0,Bangalore,1.53,2022-05-22
EMP_0955,Employee_955,39.0,Sales,Mid,701572.0,9.0,Pune,,2019-02-25
EMP_0956,Employee_956,42.0,HR,Senior,563204.0,24.0,Ahmedabad,2.1,2012-02-03
EMP_0957,Employee_957,38.0,Marketing,Junior,515972.0,6.0,Chennai,1.89,2015-01-15
EMP_0958,Employee_958,46.0,Finance,Lead,296630.0,15.0,Ahmedabad,4.43,2012-07-18
EMP_0959,Employee_959,33.0,Operations,Mid,670571.0,28.0,Bangalore,4.27,2020-05-08
EMP_0960,Employee_960,44.0,Operations,Junior,892172.0,17.0,,2.79,2012-08-20
EMP_0961,Employee_961,43.0,HR,Senior,477968.0,5.0,Ahmedabad,2.96,2013-06-15
EMP_0962,Employee_962,42.0,Operations,Director,309662.0,26.0,Mumbai,1.87,2021-03-06
EMP_0963,Employee_963,48.0,Sales,Junior,500366.0,19.0,,1.31,2016-07-18
EMP_0964,Employee_964,52.0,,Lead,732239.0,0.0,Mumbai,3.29,2021-05-31
EMP_0965,Employee_965,27.0,Marketing,Junior,535724.0,,Mumbai,1.39,2016-02-18
EMP_0966,Employee_966,48.0,Marketing,Lead,476929.0,11.0,Ahmedabad,2.8,2019-04-27
EMP_0967,Employee_967,33.0,Finance,Senior,602873.0,20.0,Ahmedabad,4.76,2020-10-27
EMP_0968,Employee_968,28.0,Engineering,Mid,634455.0,27.0,Kolkata,4.81,2020-08-04
EMP_0969,Employee_969,31.0,Design,Mid,391741.0,1.0,Kolkata,1.96,2015-06-20
EMP_0970,Employee_970,38.0,Sales,Lead,567407.0,3.0,Bangalore,3.5,2020-03-30
EMP_0971,Employee_971,47.0,Finance,Mid,,,Pune,2.9,2022-05-13
EMP_0972,Employee_972,42.0,Sales,Senior,503864.0,3.0,Kolkata,4.5,2013-03-30
EMP_0973,Employee_973,49.0,Engineering,Junior,447444.0,10.0,Mumbai,2.09,2018-08-09
EMP_0974,Employee_974,23.0,Product,Manager,741188.0,21.0,Kolkata,1.01,2014-04-11
EMP_0975,Employee_975,22.0,Operations,Senior,503341.0,25.0,Chennai,1.65,2023-06-12
EMP_0976,Employee_976,47.0,Operations,Manager,300758.0,3.0,Bangalore,2.4,2021-05-26
EMP_0977,Employee_977,,Design,Junior,,0.0,,2.26,2013-01-23
EMP_0978,Employee_978,42.0,Engineering,Senior,708779.0,6.0,Pune,,2011-07-26
EMP_0979,Employee_979,32.0,Finance,Senior,480597.0,29.0,Hyderabad,3.72,2016-03-13
EMP_0980,Employee_980,32.0,Design,Mid,516050.0,17.0,Pune,2.2,2019-04-23
EMP_0981,Employee_981,,Engineering,Mid,502641.0,8.0,Bangalore,,2017-08-16
EMP_0982,Employee_982,43.0,HR,Junior,548001.0,,Chennai,1.38,2021-05-22
EMP_0983,Employee_983,26.0,Marketing,Senior,766027.0,2.0,Pune,4.59,2015-12-29
EMP_0984,Employee_984,54.0,Design,Mid,582891.0,7.0,Hyderabad,4.74,2010-01-22
EMP_0985,Employee_985,41.0,Design,Junior,725939.0,28.0,Bangalore,4.92,2016-05-06
EMP_0986,Employee_986,40.0,Finance,Senior,454675.0,,Mumbai,4.47,2016-09-11
EMP_0987,Employee_987,38.0,Sales,Mid,542446.0,18.0,Delhi,1.7,2023-03-02
EMP_0988,Employee_988,30.0,HR,Junior,743102.0,3.0,Delhi,1.18,2023-01-03
EMP_0989,Employee_989,47.0,Finance,Director,479159.0,17.0,Mumbai,3.32,2020-12-25
EMP_0990,Employee_990,23.0,Engineering,Manager,,19.0,Kolkata,4.65,2013-05-02
EMP_0991,Employee_991,30.0,Engineering,Mid,505742.0,26.0,Pune,1.71,2020-01-07
EMP_0992,Employee_992,30.0,Engineering,Junior,551750.0,,Ahmedabad,1.03,2022-01-30
EMP_0993,Employee_993,38.0,Product,Lead,850524.0,,Delhi,4.22,2020-11-11
EMP_0994,Employee_994,22.0,Engineering,Mid,534627.0,13.0,Kolkata,1.31,2017-09-28
EMP_0995,Employee_995,46.0,Sales,Mid,621801.0,24.0,Delhi,2.65,2017-06-16
EMP_0996,Employee_996,46.0,HR,Mid,692465.0,17.0,Mumbai,3.72,2022-05-19
EMP_0997,Employee_997,24.0,Operations,Mid,633976.0,,Pune,1.95,2022-03-10
EMP_0998,Employee_998,51.0,Marketing,Senior,638258.0,27.0,Pune,1.34,2018-06-18
EMP_0999,Employee_999,33.0,Sales,Mid,591519.0,28.0,Kolkata,4.08,2020-03-19
EMP_1000,Employee_1000,40.0,Sales,Senior,,15.0,Mumbai,3.52,2017-03-21
